ID,Manufacture,Model Name,Year Intro,Last Year,Type,Min Weight,Max Weight,Length,Width,Weight,Vol,Hull
3,DragoRossi,77,,Current,Creek Boat,,,254,64,20.4,290,
4,DragoRossi,88,,Current,Creek Boat,,,259,65,20.9,314,
5,Soul Waterman,303,2019,Current,Slalom,64,104,305,63,17.0,227,
6,Exo Kayak,313,2006,,Creek Boat,,,315,63,19.1,280,
7,Riot Kayaks,007,1998,,Play River Runner,58,127,221,64,16.8,219,
8,Pyranha,12R,,Current,River Runner,60,125,366,62,25.9,386,Disp.
9,Prijon,2B,2018,Current,Tandem,,,368,69,37.0,,
10,Jackson Kayaks,2Fun,2010,2015,Play River Runner,50,70,188,62,,184,Planing
11,Jackson Kayaks,2Fun,2015,2015,Play River Runner,50,70,188,62,13.6,182,Planing
12,Jackson Kayaks,2Fun,2016,2016,Play River Runner,50,70,201,62,12.7,193,Planing
13,Jackson Kayaks,2Fun,2016,,Play River Runner,50,70,201,62,12.7,193,Planing
14,Jackson Kayaks,2Fun,2007,2010,Play River Runner,,,,,,,
15,Jackson Kayaks,2Fun Classic,2004,2007,Play River Runner,50,73,190,61,12.2,174,Planing
16,Perception,3D,1998,2000,Play Boat,54,109,249,64,17.2,212,Planing
17,Jackson Kayaks,4 Fun,2015,,Play River Runner,73,113,218,67,15.9,254,Planing
18,Jackson Kayaks,4 Fun,2007,2008,Play River Runner,75,100,203,69,15.4,238,Planing
19,Jackson Kayaks,4 Fun,2010,,Play River Runner,75,100,203,68,,238,Planing
20,Jackson Kayaks,4 Fun,2011,2014,Play River Runner,86,100,218,67,15.0,246,Planing
21,Jackson Kayaks,4 Fun Classic,2004,2007,Play River Runner,73,91,206,65,13.6,208,Planing
22,Pyranha,4Twenty M/L,2005,,Play Boat,64,100,190,64,13.6,220,Planing
23,Pyranha,4Twenty S/M,2005,,Play Boat,39,75,185,64,12.7,174,Planing
24,Pyranha,9R,,Current,River Runner,59,95,272,64,19.5,295,Planing
25,Pyranha,9R II Lg,2020,Current,River Runner,75,125,287,66,23.1,341,
26,Pyranha,9R II Md,2020,Current,River Runner,65,100,272,65,21.8,310,
27,Pyranha,9R-L,,,Creek Boat,75,125,272,68,22.7,341,Planing
28,Wavesport,Ace 4.7,2002,2003,Play River Runner,50,79,216,66,15.4,178,Planing
29,Wavesport,Ace 5.1,2002,2003,Play River Runner,68,91,224,67,16.3,193,Planing
30,Spade Kayaks,Ace of Spades,,,,64,109,262,64,22.5,320,
31,Spade Kayaks,Ace of Spades Pro,,Current,,64,109,262,64,22.0,320,
32,Soul Waterman,Acid Drop 77,,,Creek Boat,36,86,246,64,20.0,291,
33,Soul Waterman,Acid Drop 88,,,Creek Boat,54,109,257,65,21.8,333,
34,Pyranha,Acro Bat 270,1993,,Race Boat,40,88,269,59,16.0,167,Dbl Concave
35,Pyranha,Acro Bat 275,1993,,Race Boat,70,100,279,64,17.0,197,Dbl Concave
36,Pyranha,Acro Bat 300,1993,1996,,,,300,,,,Dbl Concave
37,Dagger,Agent 6.0,2007,2012,Play Boat,36,66,183,59,13.6,159,Planing
38,Dagger,Agent 6.2,2007,2012,Play Boat,57,86,188,64,14.5,189,Planing
39,Dagger,Agent 6.4,2007,2012,Play Boat,75,102,193,64,14.5,220,Planing
40,Riot Kayaks,Air 45,2002,,Play Boat,41,73,183,62,15.0,170,Planing
41,Riot Kayaks,Air 55,2003,,Play Boat,59,86,188,65,15.0,208,Planing
42,Riot Kayaks,Air 60,2004,,Play Boat,77,104,193,67,16.3,227,Planing
43,Liquid Logic,Airhead,2002,,Play Boat,86,111,193,65,14.5,246,Planing
44,Prijon,Alien,,,Play Boat,,,239,,,,Planing
45,Jackson Kayaks,All Star,2009,2012,Play Boat,59,91,178,65,13.6,210,Planing
46,Jackson Kayaks,All Star,2013,,Play Boat,64,91,178,68,13.6,223,Planing
47,Jackson Kayaks,All Star,2007,2008,Play Boat,64,79,188,64,13.6,206,Planing
48,Jackson Kayaks,All Star Classic,2004,2007,Play Boat,59,84,188,64,12.7,193,Planing
49,Quality Kayaks,Alpha,,,,,,,,,,
50,Liquid Logic,Alpha 75,2019,Current,Creek Boat,45,91,272,64,21.3,284,Disp.
51,Liquid Logic,Alpha 90,2019,Current,Creek Boat,68,113,279,67,22.7,341,Disp.
52,Lettman,Alpin,2009,Current,River Runner,,130,366,62,24.0,322,
53,Pyranha,Ammo L,2006,,River Runner,85,125,236,68,17.5,288,Planing
54,Pyranha,Ammo M,2007,,River Runner,70,110,218,65,16.6,242,Planing
55,Pyranha,Ammo S,2006,,River Runner,55,90,206,64,15.9,218,Planing
56,Perception,Amp,2000,2002,Play Boat,59,91,244,62,17.2,178,Planing
57,Soul Waterman,Angel,2019,,Kids Slalom,18,45,269,51,12.5,114,
58,Dagger,Animas,1997,2001,River Runner,59,102,318,62,20.4,261,Disp.
59,Jackson Kayaks,Antix 2.0 Lg,2020,Current,Play River Runner,75,104,257,71,19.1,288,Planing
60,Jackson Kayaks,Antix 2.0 Md,2020,Current,Play River Runner,59,86,244,67,17.2,250,Planing
61,Jackson Kayaks,Antix 2.0 Sm,2020,Current,Play River Runner,43,73,231,64,15.4,220,Planing
62,Jackson Kayaks,Antix 3.0 L,Coming,Soon,Play River Runner,75,104,251,70,20.4,288,Planing
63,Jackson Kayaks,Antix 3.0 M,Coming,Soon,Play River Runner,59,91,244,67,18.1,254,Planing
64,Jackson Kayaks,Antix 3.0 S,Coming,Soon,Play River Runner,43,73,231,65,16.3,223,Planing
65,Jackson Kayaks,Antix L,2016,2020,Play River Runner,68,102,246,69,19.1,273,Planing
66,Jackson Kayaks,Antix M,2016,2020,Play River Runner,54,86,236,66,16.3,238,Planing
67,Jackson Kayaks,Antix S,2016,2020,Play River Runner,36,59,224,64,15.0,212,Planing
68,Tahe Marine,Apex,,,Crossover,,120,310,69,24.9,310,
69,Noah Kayaks,AQ (Aeroquatic),1988,,,,,,,,,Disp.
70,Dagger,AQ II,1992,1996,Play River Runner,45,86,312,62,17.7,280,Disp.
71,Noah Kayaks,AQ II,,,,,,,,,,Disp.
72,Perception,Arc,1998,2000,River Runner,73,113,282,62,19.1,212,Semi-Planing
73,Noah Kayaks,Ascento,,,Play Boat,,,231,66,,269,Disp.
74,Riot Kayaks,Astro 54,2005,,Play Boat,50,95,188,64,17.2,204,Planing
75,Riot Kayaks,Astro 58,2006,,Play Boat,77,104,192,66,19.1,204,Planing
76,Prijon,Athlete,2003,,Slalom,50,90,307,63,18.0,212,Disp.
77,Dagger,Atom C-1,1998,2001,C1 Creek Boat,52,98,295,66,20.4,250,Disp.
78,Pyranha,Attak,1998,,Play Boat,60,100,213,59,15.9,136,Disp.
79,New Wave,Attitude,,,River Runner,,,,,,,Disp.
80,Noah Kayaks,Avito,2000,,Play Boat,,,216,67,,,
81,Perception,Axess,1999,2000,Crossover,68,127,282,74,21.3,329,Disp.
82,Dagger,Axiom 6.9,2009,2020,Play River Runner,29,54,206,57,11.3,148,Planing
83,Dagger,Axiom 8.0,2009,2020,Play River Runner,41,68,244,62,16.3,193,Planing
84,Dagger,Axiom 8.5,2009,2020,Play River Runner,59,95,259,65,20.0,238,Planing
85,Dagger,Axiom 9.0,2009,2020,Play River Runner,82,120,274,70,20.4,295,Planing
86,Euro Kayaks,Axis,1998,,Play Boat,,,241,64,15.9,121,Planing
87,Northwest Kayaks,Axis,~1997,,Playboat,,,,,,,Planing
88,Pyranha,B:Two Lg,2019,Current,Club/Trainer,75,126,251,69,20.0,286,Planing
89,Pyranha,B:Two Med,2019,Current,Club/Trainer,55,105,244,65,19.5,274,Planing
90,Pyranha,B:Two Sm,2019,Current,Club/Trainer,45,95,236,64,18.1,254,Planing
91,Quality Kayaks,Bandit,,,,,,,,,,
92,Fluid Kayaks,Bang,2011,Current,Creek Boat,64,125,244,65,22.2,,
93,Spade Kayaks,Barracuda,,Current,Play River Runner,50,85,269,64,15.0,217,
94,Fluid Kayaks,Bazooka L/E,2012,Current,Creek Boat,79,129,262,70,21.3,,
95,Fluid Kayaks,Bazooka M,2012,Current,Creek Boat,64,109,246,68,20.4,,
96,Fluid Kayaks,Bazooka S,2012,Current,Creek Boat,50,95,231,65,19.5,,
97,Prijon,Beast,2024,,Creek Boat,60,120,274,68,20.0,360,Planing
98,Savage,Beast,1998,,Play Boat,75,120,246,61,17.2,227,Planing
99,Zelezny,Bert,1996,,River Runner,70,120,300,63,16.8,270,
100,Fluid Kayaks,Big Bang,2011,Current,Creek Boat,70,136,269,65,22.2,310,
101,Wavesport,Big EZ,2001,2006,Play River Runner,64,109,213,66,16.8,193,Planing
102,Riot Kayaks,Big Gun,2000,,Creek Boat,68,109,246,65,18.1,280,Semi Planing
103,Liquid Logic,Big Wheel,2004,2005,Play River Runner,70,100,190,64,14.1,201,Planing
104,Soul Waterman,Bigfoot,2024,Current,Play River Runner,91,136,244,74,22.0,329,
105,Waka Kayaks,Billy Goat,2021,Current,Creek Boat,50,90,268,65,20.9,320,
106,Liquid Logic,Biscuit 45,2009,,Play Boat,41,68,180,61,14.1,170,Planing
107,Liquid Logic,Biscuit 55,2009,,Play Boat,64,91,185,64,15.0,208,Planing
108,Liquid Logic,Biscuit 65,2009,,Play Boat,86,113,190,67,15.9,246,Planing
109,Spade Kayaks,Blackjack,,,Creek Boat,,,,,,,
110,Spade Kayaks,Blackjack 2.0,,Current,Creek Boat,60,85,254,66,20.0,284,
111,Pyranha,Blade,1997,,Play Boat,,,264,61,16.8,174,Planing
112,Dagger,Blast,1995,1999,Kids River Runner,23,61,287,57,15.9,208,Disp.
113,Perception,Blaze 6.9,2003,2004,Play River Runner,54,75,208,63,15.9,167,Planing
114,Perception,Blaze 7.1,2003,2004,Play River Runner,75,91,216,65,17.2,197,Planing
115,Perception,Blaze 7.3,2003,2004,Play River Runner,91,127,224,68,18.6,238,Disp.
116,Necky,Bliss,2000,,Play Boat,75,110,244,64,19.5,231,Planing
117,Spade Kayaks,Bliss,2021,,River Runner,60,90,244,65,18.1,235,
118,Euro Kayaks,Blitz,1998,,Play Boat,,,246,58,,203,Planing
119,Bliss-Stick,Blitz,2000,2010,Play Boat,,,216,66,15.0,185,Planing
120,Bliss-Stick,Blitz Special,2000,2004,Play Boat,,,216,66,15.0,163,Planing
121,Robson,Blowfish,2006,,Play Boat,,,190,63,14.5,170,Planing
122,Necky,Blunt,2001,,Creek Boat,65,110,249,64,19.5,288,Disp.
123,Zelezny,Bobr (Beaver),1996,,Creek Boat,52,100,251,65,15.9,230,
124,Soul Waterman,Booster,2022,Current,Play River Runner,59,95,221,65,,223,
125,Riot Kayaks,Booster 50,2002,,Play River Runner,41,82,218,62,15.9,189,Planing
126,Riot Kayaks,Booster 55,2002,,Play River Runner,59,90,218,62,15.9,208,Planing
127,Riot Kayaks,Booster 60,2002,,Play River Runner,73,104,218,62,15.9,227,Planing
128,Soul Waterman,Booty Call,,,Creek Boat,54,109,274,66,19.1,337,
129,Prijon,Boxer,,,,,,,,,,Disp.
130,Liquid Logic,Braaap,2016,,Play River Runner,45,100,272,62,20.0,261,Semi-Plan.
131,Lettman,Bullet,2009,Current,River Runner,,120,254,62,18.0,223,
132,Pyranha,Burn II Lg,2010,2012,River Runner,75,127,251,69,20.0,304,Planing
133,Pyranha,Burn II M,2010,2012,River Runner,55,105,244,65,19.0,280,Planing
134,Pyranha,Burn II S,2010,2012,River Runner,45,95,236,64,17.0,238,Planing
135,Pyranha,Burn III Lg,2013,Current,River Runner,68,100,251,69,20.9,297,Planing
136,Pyranha,Burn III M,2013,Current,River Runner,50,79,249,65,19.6,268,Planing
137,Pyranha,Burn III S,2013,Current,River Runner,39,66,241,62,16.9,223,Planing
138,Pyranha,Burn III XL,2013,Current,River Runner,80,125,259,69,22.2,341,Planing
139,Pyranha,Burn L,2006,2009,River Runner,75,125,251,67,20.0,303,Planing
140,Pyranha,Burn M,2006,2009,River Runner,55,105,244,65,18.0,275,Planing
141,Pyranha,Burn S,2006,2009,River Runner,45,95,236,64,17.0,238,Planing
142,New Wave,Buzz,,,Whitewater SOT,64,109,348,65,26.8,,Disp.
143,RTM,Cadence,1991,,River Runner,,110,366,61,20.9,300,
144,Prijon,Cali Pro,2016,2017,Creek Boat,75,115,267,68,23.0,337,Disp.
145,Dagger,Cascade C-1,1994,1997,C1 Creek Boat,45,100,335,70,21.3,303,Disp.
146,Tootega,Catalyst 88,,,SOT River Runner,54,120,269,77,20.9,,
147,Hydra,Centaur,,,,,,,,,,Disp.
148,Dagger,Centrifuge,2000,2001,Play Boat,64,100,239,64,17.2,197,Planing
149,Eskimo,Cerro,1997,2005,Creek Boat,,,300,62,19.1,290,
150,Eskimo,Cerro 2006,2006,2010,Creek Boat,,,300,62,19.1,305,
151,Dagger,CFS,2001,2002,Creek Boat,50,100,239,65,19.1,284,Disp.
152,Dagger,CFS 7.8,2003,2003,Creek Boat,50,100,239,64,19.5,284,Semi-Plan.
153,Soul Waterman,Chaos Monkey 2 Fifty,,,River Runner,45,109,251,66,19.1,329,
154,Soul Waterman,Chaos Monkey 2 Ninety,,,River Runner,45,109,290,66,20.0,341,
155,Robson,Charger,2003,2008,Creek Boat,65,120,254,65,20.9,314,
156,Robson,Charger,2009,,Creek Boat,70,130,267,67,20.9,340,
157,Zet,Chili,2021,Current,Play River Runner,50,86,272,63,,235,
158,Prijon,Chopper,2001,,River Runner,70,115,295,63,20.0,269,Disp.
159,Prijon,Chopper Club,2011,2012,River Runner,70,115,295,63,15.9,269,Disp.
160,Necky,Chronic,2003,,Play Boat,64,86,198,62,14.5,178,Planing
161,Pyranha,CK 280,1995,,Pool Trainer,60,120,279,58,18.1,210,Disp.
162,Jackson Kayaks,Clutch,2024,,Creek Slice,59,100,269,69,20.9,322,Planing
163,Prijon,Cocaine Pro,2018,Current,Creek Boat,65,95,274,65,22.0,305,Disp.
164,Prijon,Cocaine Sport,2018,Current,Creek Boat,65,95,274,65,20.0,305,Disp.
165,Dagger,Code Lg,2021,Current,Creek Boat,82,118,279,70,24.0,367,Planing
166,Dagger,Code Md,2021,Current,Creek Boat,64,100,267,68,21.8,337,Planing
167,Dagger,Code Sm,2021,Current,Creek Boat,45,77,251,66,20.0,280,Planing
168,Gelpo Kayaks,Condu,2008,,River Runner,60,110,241,66,19.1,290,
169,Euro Kayaks,Conquest,1998,,River Runner,,,310,58,,223,
170,Perception,Corsica,1990,1998,Original Play River Runner,68,113,328,65,20.9,299,Disp.
171,Perception,Corsica Matrix,1993,1998,Original Play River Runner,57,102,325,62,19.7,288,Disp.
172,Perception,Corsica S,1993,1998,Original Play River Runner,54,91,323,61,19.1,280,Disp.
173,Sanblas,Corto,2005,,Creek Boat,,,239,66,15.0,252,
174,Feel Free Kayaks,Cosmic 69,,,,,,,,,,
175,RTM,Costa Rica Super,2003,,River Runner,,,310,57,19.1,212,
176,Liquid Logic,CR (Cross River) 125,2006,2010,Play River Runner,57,86,203,64,14.1,227,Planing
177,Liquid Logic,CR (Cross River) 250,2006,2010,Play River Runner,77,113,208,66,15.0,246,Planing
178,Liquid Logic,CR 50,2008,,Play Boat,18,52,173,53,10.0,136,Planing
179,Liquid Logic,CR 80,2008,,Play Boat,41,73,196,61,12.2,212,Planing
180,Dagger,Crazy 88 6.2,2005,2006,Play Boat,54,75,188,62,12.7,151,Planing
181,Dagger,Crazy 88 6.3,2005,2006,Play Boat,70,91,190,64,13.2,182,Planing
182,Prijon,Creeker 225,2003,2008,Creek Boat,,80,229,63,17.0,220,Disp.
183,DragoRossi,Critical Mass XL,2006,Current,Creek Boat,,,269,66,22.0,348,
184,Prijon,Cross,2004,,Creek Boat,60,95,244,63,18.5,254,Disp.
185,Zet,Cross,2018,Current,Creek Boat,70,100,272,66,21.0,348,
186,Prijon,Cross Club,2011,2012,Creek Boat,60,95,244,63,13.6,254,Disp.
187,Dagger,Crossfire,1991,1992,River Runner,41,86,335,60,16.8,250,Disp.
188,Dagger,Crossfire,1993,1998,River Runner,41,86,335,60,17.7,250,Disp.
189,New Wave,Cruise Control,1994,,River Runner,64,109,320,65,17.7,223,Disp.
190,Necky,Crux,2004,,Creek Boat,,,231,64,16.8,273,Disp.
191,Robson,CU Fly,2001,,OC1 Play Boat,41,77,208,76,17.7,300,Planing
192,Prijon,Curve 2.5 Pro,2015,Current,River Runner,60,85,257,66,20.0,250,Disp.
193,Prijon,Curve 2.5 Sport,2015,Current,River Runner,60,85,257,66,17.9,250,Disp.
194,Prijon,Curve 3.0 Pro,2014,Current,River Runner,75,115,264,68,22.0,299,Disp.
195,Prijon,Curve 3.0 Sport,2014,Current,River Runner,75,115,257,66,20.0,299,Disp.
196,Prijon,Curve Creek 3.5 Pro,2017,Current,Creek Boat,75,115,264,68,22.9,329,Disp.
197,Prijon,Curve Creek 3.5 Sport,2017,Current,Creek Boat,75,115,264,68,20.9,329,Disp.
198,Noah Kayaks,Cyborg,,,,60,115,249,63,28.0,240,Disp.
199,Prijon,Cyclone,,,,,,,,,,Displacement
200,Quality Kayaks,Cyclone,2000,,Polo,30,90,290,60,13.2,175,
201,Euro Kayaks,Cyphur,1994,,River Runner,,,320,61,,284,
202,Wavesport,D-65,2014,Current,River Runner,45,82,229,64,22.2,246,Planing
203,Wavesport,D-75,2014,Current,River Runner,64,109,244,65,19.1,284,Planing
204,Perception,Dancer,1986,1995,Original Play River Runner,50,82,351,61,11.8,254,Disp.
205,Soul Waterman,Dancer 3,2020,,River Runner,54,104,300,65,21.8,299,
206,Perception,Dancer Pro,1995,1996,Original Play River Runner,54,85,348,61,17.7,273,Disp.
207,Perception,Dancer V,1997,1998,Original Play River Runner,68,91,353,61,19.1,282,Disp.
208,Perception,Dancer XS,1989,1998,Original Play River Runner,23,45,315,58,13.6,189,Disp.
209,Perception,Dancer XT,1989,1996,Original Play River Runner,79,125,358,62,16.8,280,Disp.
210,Wavesport,Decente,1996,Unk,Creek Boat,45,104,287,64,18.1,273,Disp.
211,Prijon,Delirious,2001,,Play Boat,,,231,69,15.0,188,Planing
212,Prijon,Delirious XL,2002,,Play Boat,,,231,69,15.0,181,Planing
213,Prijon,Delirium,2002,,Play Boat,,,203,67,15.0,185,Planing
214,Liquid Logic,Delta V 73,2018,,Creek Boat,45,91,249,66,20.9,276,Disp.
215,Liquid Logic,Delta V 88,2018,,Creek Boat,68,113,259,69,22.2,333,Disp.
216,Exo Kayak,Demon,2007,Current,Creek Boat,50,85,241,66,20.0,,
217,Fluid Kayaks,Detox L,2009,Current,River Runner,73,104,244,66,20.0,269,
218,Fluid Kayaks,Detox M,2009,Current,River Runner,50,86,229,64,19.1,250,
219,Fluid Kayaks,Detox S,2009,Current,River Runner,41,77,216,62,17.7,197,
220,Eskimo,Diablo,1995,2008,Creek Boat,,,300,61,19.1,250,
221,Eskimo,Diablo 2005,2005,2010,Creek Boat,,,300,62,18.1,275,
222,Eskimo,Diablo Evolution,1999,2004,Creek Boat,,,300,62,18.1,250,
223,Wavesport,Diesel 60,2009,Current,River Runner,27,59,224,64,18.1,227,Planing
224,Wavesport,Diesel 65,2004,2008,River Runner,45,91,229,64,17.7,246,Planing
225,Wavesport,Diesel 70,2009,Current,River Runner,54,86,244,65,19.5,265,Planing
226,Wavesport,Diesel 75,2004,2008,River Runner,64,109,244,65,18.6,284,Planing
227,Wavesport,Diesel 80,2009,Current,River Runner,68,113,259,66,21.8,303,Planing
228,Zet,Director,2015,Current,River Runner,75,113,267,68,20.9,360,Disp.
229,Pyranha,Disco,1998,,,,,,,,,
230,Riot Kayaks,Disco,1999,,Play Boat,36,77,211,64,15.9,185,Planing
231,Riot Kayaks,Disco,2001,,Play Boat,54,100,198,66,15.9,189,Planing
232,Soul Waterman,Disco,2020,,Play Boat,54,109,198,65,16.8,220,Planing
233,Soul Waterman,District 11,,,Crossover,45,109,351,60,23.0,318,
234,Rainbow,DNA,1999,,Play Boat,48,98,259,61,15.9,204,Planing
235,Fluid Kayaks,Do It Now Large,2012,Current,SOT River Runner,54,120,269,78,22.2,,
236,Fluid Kayaks,Do It Now Medium,2012,Current,SOT River Runner,41,86,249,75,20.9,,
237,Fluid Kayaks,Do It Now Small,2012,Current,SOT River Runner,29,64,229,71,19.1,,
238,Soul Waterman,Dominatrix,2023,Current,Play Boat,54,91,229,64,,197,
239,Riot Kayaks,Dominatrix 41,2001,,Play Boat,36,59,229,61,15.0,155,Planing
240,Riot Kayaks,Dominatrix 44,2001,,Play Boat,59,77,230,62,15.2,167,Planing
241,Riot Kayaks,Dominatrix 47,2001,,Play Boat,77,95,231,62,15.4,178,Planing
242,Riot Kayaks,"Dominatrix Big, 50",2002,,Play Boat,,,239,64,15.9,189,Planing
243,Riot Kayaks,"Dominatrix Big, 54",2002,,Play Boat,,,241,65,16.3,201,Planing
244,Fluid Kayaks,Donsa,2009,Current,Racing/Slalom,50,91,351,60,15.4,,
245,Fluid Kayaks,Dope L,2012,Current,Play Boat,79,109,185,69,15.4,,Planing
246,Fluid Kayaks,Dope M,2012,Current,Play Boat,59,91,180,66,14.5,,Planing
247,Fluid Kayaks,Dope S,2012,Current,Play Boat,41,70,175,63,12.7,,Planing
248,DragoRossi,DR9,,Current,Creek Boat,,,264,68,21.0,341,
249,Titan Kayaks,Dragon,,,Creek Boat,65,155,269,68,23.0,360,
250,Hydra,Dragonfly,1982,,,,,361,61,15.9,284,Disp.
251,Hydra,Dragonfly II,1995,,,,100,361,62,20.4,284,Disp.
252,Big Dog,Drop Zone,2009,,Creek Boat,70,129,251,66,20.4,276,
253,DragoRossi,DRX,,Current,Creek Boat,,,272,69,21.0,360,
254,Vagabond Kayaks,Dumbi,,Current,SOT Surf,50,100,269,70,24.0,,
255,Quality Kayaks,Dura,,,,,,,,,,
256,Dagger,Dynamo,2020,Current,Kids River Runner,20,60,221,53,12.5,,Planing
257,Dagger,Dynamo,2000,2001,Kids River Runner,29,61,224,56,12.7,170,Planing
258,Dagger,Dynamo 7.4,2005,2006,Kids River Runner,29,61,224,53,12.2,170,Planing
259,Dagger,Ego,2001,2002,Play Boat,41,68,216,60,14.5,182,Planing
260,Fluid Kayaks,Element Medium,2008,Current,Play Boat,64,95,201,65,15.0,,Planing
261,Prijon,Embudo,2003,,Creek Boat,,,254,65,18.1,265,Disp.
262,Euro Kayaks,Enigma,,,Squirt Boat,,,,,,,
263,Wavesport,Ethos Nine,2013,Current,Crossover,41,91,292,65,23.1,303,
264,Wavesport,Ethos Ten,2013,Current,Crossover,68,118,312,69,24.9,379,
265,Pyranha,Everest,2008,,River Runner,75,137,264,67,21.1,312,Disp.
266,Pyranha,Everest,1984,,,,,381,61,,318,Disp.
267,Wavesport,Evo,2001,2004,Play Boat,39,66,213,58,14.1,140,Planing
268,Noah Kayaks,Excalibur,1993,,,60,105,249,63,,223,Disp.
269,Wavesport,Excel,1990,Unk,Creek Boat,54,100,345,62,17.7,273,Disp.
270,Titan Kayaks,Exile,2012,Current,Creek Boat,54,109,254,68,24.9,322,
271,Hobson Kayak,Exlipse,2025,,Surf Kayak,55,110,269,61,,,
272,Wavesport,Extreme,1992,Unk,Creek Boat,54,100,315,62,17.7,276,Disp.
273,Wavesport,EZ,2001,2006,Play River Runner,54,91,206,64,15.9,178,Planing
274,Wavesport,EZG 42,2005,2008,Play Boat,36,64,198,61,13.6,159,Planing
275,Wavesport,EZG 50,2005,2008,Play Boat,59,86,201,64,14.5,189,Planing
276,Wavesport,EZG 60,2005,2008,Play Boat,82,109,206,65,15.0,227,Planing
277,Soul Waterman,F Bomb,2020,,Play Boat,54,109,231,64,16.8,208,Planing
278,Soul Waterman,F Bomb 2 Sixty,,,Play River Runner,54,109,259,64,19.1,261,
279,Soul Waterman,F Bomb 2 Thirty,,,Play River Runner,54,109,229,64,16.8,257,
280,Prijon,F262,2004,,River Runner,,,262,60,19.1,200,
281,Exo Kayak,Fastwave,1998,,Race Boat,50,100,401,85,18.1,,
282,Universal Kayak,Fenix,,Current,Creek Boat,,,254,69,22.7,,
283,Prijon,Fever,2004,,Play Boat,,,221,62,15.0,165,Planing
284,Robson,Finkenmeister,2003,,C1 River Runner,80,110,279,71,19.1,280,Disp.
285,Pyranha,Firecracker 232,2023,Current,Play River Runner,41,66,234,64,18.1,197,Planing
286,Pyranha,Firecracker 242,2023,Current,Play River Runner,61,91,241,66,18.6,220,Planing
287,Pyranha,Firecracker 252,2023,Current,Play River Runner,80,130,251,70,20.9,284,Planing
288,DragoRossi,Fish,2004,Current,Play Boat,,,193,65,17.0,,Planing
289,Zet,Five,2017,Current,River Runner,60,90,267,65,20.0,299,
290,Bliss-Stick,FJ1,,,Play Boat,,,249,69,18.1,215,Planing
291,Bliss-Stick,FJ2,1999,,Play Boat,,,249,69,18.1,210,Planing
292,Riot Kayaks,Flair 47,2005,,Play Boat,54,77,188,62,15.0,178,Planing
293,Riot Kayaks,Flair 57,2005,,Play Boat,59,95,193,65,15.4,208,Planing
294,Bliss-Stick,Flip-Stick,2002,2010,Play River Runner,,,198,66,14.1,189,Planing
295,Fluid Kayaks,Flirt L,2004,,Play Boat,82,113,198,68,15.4,220,Planing
296,Fluid Kayaks,Flirt M,2004,,Play Boat,64,95,190,65,15.0,197,Planing
297,Fluid Kayaks,Flirt S,2004,,Play Boat,45,75,183,62,14.1,170,Planing
298,Jackson Kayaks,Flow L,2023,,Creek Boat,82,118,267,71,21.8,326,Planing
299,Jackson Kayaks,Flow M,2023,,Creek Boat,54,91,257,68,21.2,291,Planing
300,Jackson Kayaks,Flow S,2023,,Creek Boat,45,77,246,66,20.0,254,
301,Big Dog,Flux 7.3,2009,,River Runner,45,86,221,64,15.4,201,
302,Big Dog,Flux 7.7,2009,,River Runner,70,109,229,65,16.3,189,
303,Verus Kayaks,Flux M/L,2023,Current,Creek Boat,68,109,264,66,22.7,333,
304,Verus Kayaks,Flux S/M,2023,Current,Creek Boat,45,91,259,65,21.3,299,
305,Prijon,Fly,1997,,Play River Runner,,,267,60,,205,Disp.
306,Prijon,Fly Club,2011,2012,Play River Runner,50,75,264,60,15.0,238,Disp.
307,Wavesport,Flyer,2004,2006,Surf Kayak,82,104,229,64,13.6,246,Planing
308,Liquid Logic,Flying Squirrel 85,2014,,Creek Boat,50,95,267,65,22.2,322,Disp.
309,Liquid Logic,Flying Squirrel 95,2014,,Creek Boat,77,122,272,67,23.1,360,Disp.
310,Wavesport,For Play,1999,2001,Play Boat,45,100,246,64,15.4,197,Planing
311,Big Dog,Force 7.7,2009,,River Runner,41,91,229,65,18.6,231,
312,Big Dog,Force 8.0,2009,,River Runner,79,125,244,65,19.1,254,
313,Prijon,Forte,2013,2016,River Runner,60,85,246,63,17.5,220,
314,Perception,Fox,1996,1998,Slalom,36,82,358,61,16.8,210,Disp.
315,Wavesport,Frankenstein,1995,Unk,Play River Runner,54,86,297,61,15.9,216,Disp.
316,Dagger,Freefall,1992,1992,Creek Boat,36,95,290,62,17.7,276,Disp.
317,Dagger,Freefall,1993,1995,Creek Boat,64,95,290,62,18.6,276,Disp.
318,Dagger,Freefall LT,1996,1998,Creek Boat,41,88,287,62,18.1,261,Disp.
319,Dagger,Freefall LT,1993,1995,Creek Boat,41,79,287,62,18.1,261,Disp.
320,Liquid Logic,Freeride 57,2011,,Play Boat,64,100,198,65,14.5,216,Planing
321,Liquid Logic,Freeride 67,2011,,Play River Runner,82,118,206,66,15.0,254,Planing
322,Pyranha,Freestyle,1983,,,,,,,,,
323,Bliss-Stick,Freestyler,2001,unk,Play River Runner,,,234,66,15.0,197,Planing
324,Spade Kayaks,Full House,2024,,Creek Boat,50,100,282,70,22.0,360,
325,Perception,Full-Tilt,2002,2002,Play Boat,59,86,208,62,15.4,189,Planing
326,Jackson Kayaks,Fun,2015,2016,Play River Runner,59,95,208,65,14.5,223,Planing
327,Jackson Kayaks,Fun,2010,2015,Play River Runner,61,82,196,65,,210,Planing
328,Jackson Kayaks,Fun,2017,,Play River Runner,61,82,196,63,14.1,210,Planing
329,Jackson Kayaks,Fun,2007,2010,Play River Runner,64,82,198,66,12.7,201,Planing
330,Jackson Kayaks,Fun,2015,2015,Play River Runner,73,77,208,65,13.2,197,Planing
331,Jackson Kayaks,Fun 1,2004,2007,Kids Play River Runner,14,36,160,51,9.0,98,Planing
332,Jackson Kayaks,Fun 1,,Current,Kids Play River Runner,14,36,160,51,8.6,98,Planing
333,Jackson Kayaks,Fun 1.5,2004,2014,Kids Play River Runner,27,54,175,56,10.4,132,Planing
334,Jackson Kayaks,Fun 1.5,,Current,Kids Play River Runner,27,54,175,56,10.4,132,Planing
335,Jackson Kayaks,Fun Classic,2004,,Play River Runner,64,82,198,64,12.7,193,Planing
336,Jackson Kayaks,Fun Runner 60,2012,,Play River Runner,45,86,236,64,14.1,227,Planing
337,Jackson Kayaks,Fun Runner 70,2012,,Play River Runner,77,122,249,67,15.0,265,Planing
338,Atlantis Kayaks,Funky,2013,,Play Boat,,75,216,64,11.5,,Planing
339,Rainbow,Funky,2004,,Play River Runner,48,95,239,64,15.9,190,
340,Soul Waterman,Funky Monkey,2020,,Play Creeker,64,104,297,65,20.0,273,
341,RTM,Furio,1991,,River Runner,,75,305,58,18.1,195,
342,Rotoplast,Fury,1999,,Play River Runner,,95,231,50,13.2,,Planing
343,Savage,Fury,1996,,Play Boat,45,85,259,63,15.4,163,Planing
344,Wavesport,Fuse 35,2008,Current,Play River Runner,27,50,178,58,10.4,132,Planing
345,Wavesport,Fuse 48,2008,Current,Play River Runner,45,73,193,62,14.1,182,Planing
346,Wavesport,Fuse 56,2008,Current,Play River Runner,64,95,198,64,15.0,212,Planing
347,Wavesport,Fuse 64,2008,Current,Play River Runner,86,122,213,66,15.9,242,Planing
348,Wavesport,Fusion,1994,Unk,River Runner,59,104,310,62,17.7,257,Disp.
349,Pyranha,Fusion,2009,,Crossover,55,130,310,66,20.8,309,
350,Pyranha,Fusion Duo,,Current,Crossover Tandem,,230,462,71,42.2,568,
351,Pyranha,Fusion II L,2019,Current,Crossover,80,130,315,70,24.5,352,
352,Pyranha,Fusion II M,2019,Current,Crossover,55,110,315,66,22.7,318,
353,Pyranha,Fusion II S,2019,Current,Crossover,40,80,295,64,20.0,242,
354,Pyranha,Fusion S,2010,,Crossover,,,295,64,20.9,250,
355,Pyranha,Fusion SOT,2014,Current,SOT Crossover,30,130,318,78,25.9,,
356,Dagger,FX 5.7,2003,2004,Play Boat,59,84,178,62,15.0,208,Planing
357,Dagger,G-Force 5.9,2002,2002,Play Boat,36,68,180,60,14.5,170,Planing
358,Dagger,G-Force 6.1,2002,2002,Play Boat,45,79,188,62,15.0,185,Planing
359,Dagger,G-Force 6.3,2002,2002,Play Boat,64,98,193,62,15.9,197,Planing
360,Dagger,G-Ride 6.2,2003,2004,Play Boat,41,79,188,67,15.0,204,Planing
361,Dagger,G-Ride 6.5,2003,2004,Play Boat,59,100,196,67,15.9,227,Planing
362,Waka Kayaks,G.O.A.T.,2021,Current,Play River Runner,50,90,268,65,20.0,254,
363,Pyranha,G3,2003,,River Runner,60,127,277,67,20.0,303,Semi-Plan.
364,Eskimo,Gambler,,,Creek Boat,,,274,,,,
365,Waka Kayaks,Gangsta,,Current,Creek Boat,70,120,272,68,22.0,360,
366,DragoRossi,Gangster,2007,,Creek Boat,59,104,224,65,18.1,235,
367,Eskimo,Gattino,,,River Runner,,,335,,,,
368,Eskimo,Gecko 2005,2005,2010,Polo,,,295,58,13.0,252,
369,Titan Kayaks,Genesis V1,2010,Current,Play Boat,35,75,170,65,13.6,185,Planing
370,Titan Kayaks,Genesis V2,2010,Current,Play Boat,54,82,175,66,13.6,208,Planing
371,Titan Kayaks,Genesis V3,2010,Current,Play Boat,75,118,198,70,15.0,250,Planing
372,Sanblas,Giro,,,Play Boat,,,227,60,,189,
373,Verus Kayaks,Gladiator,,2019,Play River Runner,54,113,269,71,,288,Displacement
374,Verus Kayaks,Gladiator 2.0,2020,Current,Play River Runner,54,118,272,71,20.0,273,Displacement
375,Riot Kayaks,Glide,1998,,Play Boat,41,104,249,65,,223,Planing
376,Soul Waterman,Glide,2020,Current,Play River Runner,68,109,236,68,16.8,250,
377,Necky,Gliss,1999,,Play Boat,55,90,241,64,18.1,216,Planing
378,Jackson Kayaks,Gnarvana Large,2022,,creek Boat,82,109,282,72,23.1,386,Planing
379,Jackson Kayaks,Gnarvana Med,2022,,creek Boat,64,91,269,69,21.8,344,Planing
380,Jackson Kayaks,Gnarvana Small,2022,,creek Boat,50,73,259,66,20.4,303,Planing
381,Goa Kayaks,Goa 235,2004,2005,Play River Runner,65,110,236,67,17.7,236,
382,Wavesport,Godzilla,1998,1999,River Runner,54,109,272,66,18.1,227,Disp.
383,Soul Waterman,Gonzo,,,Play River Runner,64,109,259,64,18.6,276,
384,Dagger,Gradient,1998,2000,Creek Boat,50,102,264,62,20.4,307,Planing
385,Lettman,Granate L,2009,Current,Creek Boat,64,82,259,65,20.9,307,
386,Lettman,Granate M,2009,Current,Creek Boat,41,68,254,63,19.5,269,
387,Lettman,Granate XL,2009,Current,Creek Boat,82,113,267,67,21.8,344,
388,Rotoplast,Gravity,1995,,River Runner,,,310,62,15.9,,
389,Savage,Gravity,1994,,River Runner,57,118,272,64,17.7,291,
390,Dagger,Green Boat,2009,Current,Race Boat,64,118,358,62,22.7,360,Disp.
391,Riot Kayaks,Grind,1999,,Play Boat,58,127,249,64,16.8,255,Planing
392,Dagger,GT,2020,Current,River Runner,40,80,236,61,15.9,231,Planing
393,Dagger,GT,2002,2002,River Runner,41,82,239,64,17.2,212,Planing
394,Dagger,GT 7.5,2003,2006,River Runner,36,68,231,61,15.9,189,Planing
395,Dagger,GT 7.8,2003,2006,River Runner,41,82,239,64,16.8,212,Planing
396,Dagger,GT 8.1,2003,2006,River Runner,64,104,249,65,18.1,231,Planing
397,Dagger,GT Max,2020,Current,River Runner,85,125,269,69,20.0,299,Planing
398,Dagger,GT S,2020,Current,River Runner,35,65,231,60,15.4,212,Planing
399,Dagger,GT X,2020,Current,River Runner,65,105,249,65,19.1,223,Planing
400,Dagger,GTX,2002,2002,River Runner,64,104,249,65,18.1,231,Planing
401,Liquid Logic,Gus,2001,,Creek Boat,,,259,65,20.4,280,Disp.
402,Pyranha,H2 245,1999,,Creek Boat,,,244,64,19.3,223,Semi-Plan.
403,Pyranha,H2 255,1999,,Creek Boat,,,257,65,19.6,240,Semi-Plan.
404,Pyranha,H3 235,2002,,Creek Boat,43,95,231,61,17.0,221,Semi-Plan.
405,Pyranha,H3 245,2002,,Creek Boat,54,104,244,64,17.5,254,Semi-Plan.
406,Pyranha,H3 255,2002,,Creek Boat,75,127,254,66,18.0,291,Semi-Plan.
407,Wavesport,Habitat 74,2007,2012,Creek Boat,45,91,244,64,21.8,280,Disp.
408,Wavesport,Habitat 80,2007,2012,Creek Boat,68,118,254,65,22.7,303,Disp.
409,Riot Kayaks,Hammer,1997,,Play River Runner,54,103,274,61,16.8,257,Planing
410,Soul Waterman,Hammer,2023,Current,Creek Boat,64,100,244,69,,310,
411,Big Dog,Havoc 6.5,2009,,River Runner,45,86,196,64,14.1,193,
412,Big Dog,Havoc 6.9,2009,,River Runner,70,109,206,65,14.5,220,
413,Pyranha,Helectron L,2025,,Play Boat,79,111,185,67,16.8,238,
414,Pyranha,Helectron M,2025,,Play Boat,59,91,180,66,15.9,223,
415,Pyranha,Helectron S,2025,,Play Boat,45,68,178,64,14.1,189,
416,Exo GuiGui Prod,Helixir 2018 Lg,2019,Current,Play Boat,70,90,178,67,13.5,220,Planing
417,Exo GuiGui Prod,Helixir 2018 Sm,2019,Current,Play Boat,50,70,168,65,11.5,201,Planing
418,Verus Kayaks,Hellbender,2020,Current,Play Boat,45,100,234,61,16.3,189,Planing
419,Prijon,Hercules,2005,2010,Creek Boat,,80,264,63,19.1,305,Disp.
420,Jackson Kayaks,Hero,2007,2015,River Runner,52,86,224,66,18.6,290,Planing
421,Jackson Kayaks,Hero Classic,2004,2007,River Runner,36,68,244,60,15.9,242,Planing
422,Robson,Homes,2010,,OC1,,113,305,71,20.0,390,
423,Liquid Logic,Homeslice,2018,2024,Play Boat,64,100,231,66,14.5,208,Planing
424,Dagger,Honcho,2001,2002,Play River Runner,77,118,236,66,17.7,250,Planing
425,Liquid Logic,Hoss,2003,,River Runner,73,100,239,66,15.9,265,Planing
426,Liquid Logic,Hot Whip,2023,,Play River Runner,54,109,244,67,19.1,273,Planing
427,Liquid Logic,Hot Whip 60,2024,Current,Half Slice,45,91,239,64,17.2,227,Planing
428,Liquid Logic,Huck,2000,,Creek Boat,45,86,231,65,19.1,246,Disp.
429,Bliss-Stick,HUKA,2002,2015,Creek Boat,,,231,66,18.1,254,Disp.
430,Prijon,Hurricane,,,Play boat (at the time it was released),,,,,,,Disp.
431,Rainbow,Hydra,,,Creek Boat,48,98,234,65,18.1,235,
432,Pyranha,I3 221,2002,,Play River Runner,41,84,218,58,15.0,214,Planing
433,Pyranha,I3 222,2002,,Play River Runner,64,95,221,61,15.0,225,Planing
434,Pyranha,I3 223,2002,,Play River Runner,75,113,221,64,16.5,237,Planing
435,Pyranha,I4 Large,2004,,Play River Runner,79,118,221,66,17.2,245,Planing
436,Pyranha,I4 Medium,2004,,Play River Runner,64,104,221,64,16.3,210,Planing
437,Pyranha,I4 Small,2004,,Play River Runner,45,81,218,58,16.3,193,Planing
438,Dagger,Id 6.8,2002,2003,Play Boat,36,64,208,58,13.2,167,Planing
439,Dagger,Id 6.9,2002,2003,Play Boat,45,79,211,62,14.1,185,Planing
440,Dagger,Id 7.0,2002,2003,Play Boat,64,98,213,65,15.0,204,Planing
441,RTM,Idaho Super,1992,,River Runner,,95,318,60,20.0,315,
442,Zelezny,Igo,2000,,Play Boat,,,178,66,13.2,188,Planing
443,Pyranha,Ina Zone 220,1997,,Play Boat,50,70,218,63,15.5,170,Planing
444,Pyranha,Ina Zone 222,2000,,Play Boat,55,121,221,61,16.5,173,Planing
445,Pyranha,Ina Zone 230,1997,,Play Boat,,95,229,66,16.5,190,Planing
446,Pyranha,Ina Zone 232,2020,Current,Play Boat,65,95,231,65,15.0,197,Planing
447,Pyranha,Ina Zone 232,2000,,Play Boat,65,95,231,64,17.3,196,Planing
448,Pyranha,Ina Zone 240,1997,,Play Boat,,108,236,65,17.5,210,Planing
449,Pyranha,Ina Zone 242,2000,,Play Boat,75,110,236,66,18.6,235,Planing
450,Pyranha,Ina Zone S/M,2025,Current,Play River Runner,,79,264,62,18.6,242,Planing
451,Dagger,Indra md/lg,2024,,Creek Boat,,113,274,70,24.3,341,Planing
452,Dagger,Indra sm/md,2024,,Creek Boat,,86,272,67,23.4,284,Planing
453,Riot Kayaks,Inferno 54,2004,,Play Boat,54,95,193,64,15.0,204,Planing
454,Dagger,Infrared,1999,2001,River Runner,41,68,251,62,18.1,216,Planing
455,Noah Kayaks,Innuendo,,,Play River Runner,40,90,249,63,,204,Disp.
456,Noah Kayaks,Innuendo +,,,Play River Runner,60,105,249,63,,215,Disp.
457,Prijon,Invader,1989,,River Runner,50,90,335,60,19.1,250,
458,Pyranha,Ion,2023,,Crossover,,75,264,64,19.1,201,Planing
459,Pyranha,Ion M/L,2025,,Crossover,,102,274,66,20.0,284,
460,Pyranha,Ion S/M,2025,,Crossover,,75,264,64,19.1,201,
461,Pyranha,Ion XS / Kids,2025,,Crossover kids,,59,251,58,14.1,,
462,Perception,Java,2002,2003,Creek Boat,50,86,237,62,18.1,227,Disp.
463,Perception,Java 7.8,2003,2003,Creek Boat,50,86,239,62,18.1,227,Disp.
464,Pyranha,Jed L,2012,Current,Play Boat,79,109,185,67,15.0,235,Planing
465,Pyranha,Jed M,2012,Current,Play Boat,54,91,180,65,14.1,208,Planing
466,Pyranha,Jed S,2012,Current,Play Boat,41,68,175,63,14.1,178,Planing
467,Liquid Logic,Jefe,2005,,Creek Boat,68,100,249,67,20.9,299,Displacement
468,Liquid Logic,Jefe Chico,2007,,Creek Boat,34,75,236,66,18.1,261,Semi-Plan.
469,Liquid Logic,Jefe Grande,2007,,Creek Boat,77,132,257,69,22.2,341,Displacement
470,Noah Kayaks,Jeti,,,,,,,,,,Disp.
471,Perception,Jib,2000,2002,Play Boat,23,64,208,57,12.7,146,Planing
472,Dagger,Jitsu 5.5,2013,Current,Play Boat,41,70,168,64,13.2,182,Planing
473,Dagger,Jitsu 5.9,2013,Current,Play Boat,64,91,175,66,14.1,216,Planing
474,Dagger,Jitsu 6.0,2013,Current,Play Boat,75,111,183,69,15.4,238,Planing
475,Necky,Jive,1997,,River Runner,60,100,254,62,18.1,223,Planing
476,Necky,Jive 810,1998,,River Runner,75,110,269,62,19.5,235,Planing
477,Exo Kayak,Joker,2006,,Play Boat,45,83,206,62,15.0,170,Planing
478,Spade Kayaks,Joker,2021,,River Runner,70,110,272,65,19.1,269,
479,Sanblas,Joko,2004,,Play River Runner,60,100,218,66,15.0,215,
480,Dagger,Juice 6.9,2004,2005,Play River Runner,50,82,211,64,15.0,227,Planing
481,Dagger,Juice 7.1,2004,2005,Play River Runner,77,109,216,66,15.9,246,Planing
482,Atlantis Kayaks,Jump,2012,,River Runner,,100,249,62,18.0,,
483,Prijon,Kaituna,,,River Runner,,,246,62,17.0,210,Planing
484,Big Dog,Kaos 5.1,2009,,Play Boat,45,70,178,61,12.7,167,Planing
485,Big Dog,Kaos 6.0,2009,,Play Boat,59,86,183,64,13.2,182,Planing
486,Big Dog,Kaos 6.2,2009,,Play Boat,65,104,188,65,15.0,197,Planing
487,Jackson Kayaks,Karma L,2013,2014,Creek Boat,75,136,272,71,22.7,390,Planing
488,Jackson Kayaks,Karma L,2015,2017,Creek Boat,84,136,274,71,24.5,390,Planing
489,Jackson Kayaks,Karma M,2016,2017,Creek Boat,64,109,259,66,21.8,326,Planing
490,Jackson Kayaks,Karma M,2013,2015,Creek Boat,64,100,259,66,20.4,326,Planing
491,Jackson Kayaks,Karma RG,2016,,Crossover,61,88,361,64,26.3,356,Disp.
492,Jackson Kayaks,Karma S,2013,2014,Creek Boat,36,79,244,62,19.1,264,Planing
493,Jackson Kayaks,Karma S,2015,2017,Creek Boat,36,70,244,64,18.1,273,Planing
494,Jackson Kayaks,Karma UL,2014,,Race Boat,61,88,361,64,25.4,356,Disp.
495,Pyranha,Karnali L,2008,,River Runner,79,129,257,67,21.8,303,Planing
496,Pyranha,Karnali M,2008,,River Runner,59,109,254,65,20.9,280,Planing
497,Dagger,Katana 10.4,2014,Current,Crossover,70,129,315,69,25.4,394,Disp.
498,Dagger,Katana 9.7,2014,Current,Crossover,45,95,292,65,22.7,299,Disp.
499,Eskimo,Kendo 1,1996,2004,River Runner,75,90,259,59,15.0,200,
500,Eskimo,Kendo 2005,2005,2010,River Runner,,,259,60,15.0,240,
501,Eskimo,Kendo Evolution,1999,2004,River Runner,,,259,59,16.8,200,
502,Eskimo,Kendo Evolution Starlight,1999,,River Runner,,,259,59,13.2,200,
503,Riot Kayaks,Kewl,1997,1997,River Runner,36,95,254,61,,223,Displacement
504,Wavesport,Kinetic,1995,1999,River Runner,36,91,264,59,17.7,204,Disp.
505,Dagger,Kingpin 6.1,2003,2004,Play Boat,36,64,185,60,13.6,174,Planing
506,Dagger,Kingpin 6.2,2003,2004,Play Boat,45,82,190,63,14.5,189,Planing
507,Dagger,Kingpin 6.3,2003,2004,Play Boat,64,100,196,67,15.4,204,Planing
508,Dagger,Kingpin: Icon 6.1,2004,2009,Play Boat,36,64,185,60,15.0,174,Planing
509,Dagger,Kingpin: Icon 6.2,2004,2009,Play Boat,45,82,190,64,15.4,189,Planing
510,Dagger,Kingpin: Icon 6.3,2004,2009,Play Boat,64,100,196,66,15.9,242,Planing
511,Riot Kayaks,Kix,1997,,Play Boat,45,109,254,61,19.1,257,
512,Prijon,Kompressor,,,,,,,,,,
513,DragoRossi,Kush,2023,Current,Play River Runner,,,267,,,,Planing
514,Wavesport,Lazer,1986,Unk,Play Boat,36,87,340,58,15.9,265,Disp.
515,Bliss-Stick,Lifestyler,2001,2010,River Runner,,,246,66,19.1,238,Planing
516,Pyranha,Lightning,2000,,Race Boat,20,60,429,48,14.2,,
517,Liquid Logic,Lil` Joe,2003,,River Runner,45,84,231,64,15.4,227,Planing
518,Jackson Kayaks,Little Hero,2008,,Kids River Runner,36,61,216,61,15.4,242,Planing
519,Pyranha,Loki L,2011,Current,Play Boat,79,109,221,61,15.4,223,Planing
520,Pyranha,Loki M,2011,Current,Play Boat,54,91,218,60,15.0,185,Planing
521,Pyranha,Loki S,2011,Current,Play Boat,41,68,218,58,13.6,148,Planing
522,Perception,Lucid,2001,2002,Play Boat,73,100,226,65,14.5,182,Planing
523,Gelpo Kayaks,Luga,2008,,Play Boat,50,90,203,65,14.1,210,Planing
524,Eskimo,Lupo,2009,2010,Play River Runner,,,229,62,15.0,195,
525,Prijon,Luv,2000,,Play Boat,40,85,246,60,15.0,180,Planing
526,Savage,Lynx,2000,,Play Boat,45,79,241,64,16.3,182,Planing
527,Pyranha,M3 233,2003,,Creek Boat,65,95,236,64,17.0,232,Disp.
528,Pyranha,M3 243,2003,,Creek Boat,70,105,246,66,20.0,258,Disp.
529,Bliss-Stick,MAC 1,2005,2015,Creek Boat,,,244,66,21.3,276,Planing
530,Lettman,Machete 65,,,Half Slice,50,80,264,62,18.6,240,
531,Lettman,Machete 65 Puffy,2025,,,,,259,63,19.0,250,
532,Lettman,Machete 85,,,Half Slice,70,110,274,66,20.0,269,
533,Lettman,Machete 85 Puffy,2025,,,,,272,61,21.5,280,
534,Prijon,Machine,2000,,Play Boat,,,236,60,,195,Planing
535,Noah Kayaks,Machito,2003,,Play Boat,50,125,229,66,16.8,246,
536,Pyranha,Machno Large,2016,Current,River Runner,75,130,272,67,23.1,368,Disp.
537,Pyranha,Machno Medium,2016,Current,River Runner,60,100,264,67,21.5,308,Disp.
538,Pyranha,Machno Small,2016,Current,River Runner,45,80,257,66,20.0,276,Disp.
539,DragoRossi,Mad Boy,2008,Current,River Runner,,,254,64,20.0,,
540,Soul Waterman,Mad Boy,,,River Runner,45,91,254,64,20.0,280,
541,Massive,Mad Dog,2001,,Play Boat,54,91,213,64,15.4,178,Planing
542,DAG Kayaks,Mad`gic,,Current,Polo,95,,296,60,15.9,227,
543,RTM,Mad'gic,2000,,Polo,,95,296,60,15.9,227,
544,Perception,Madness,2001,2002,River Runner,59,91,264,64,17.2,208,Planing
545,DragoRossi,Mafia,2004,Current,Creek Boat,,,229,65,19.0,238,
546,Zelezny,Mag,2003,,Play River Runner,45,95,236,65,15.9,235,
547,Pyranha,Magicbat,,,,,,,,,,Disp.
548,Riot Kayaks,Magnum 72,2004,,Creek Boat,,82,241,66,21.5,273,Disp.
549,Riot Kayaks,Magnum 80,2008,,Creek Boat,68,109,251,68,23.2,303,Disp.
550,Soul Waterman,Main Squeeze,,,Play Boat,64,109,208,64,16.8,212,Planing
551,Dagger,Mamba 7.5,2010,2011,River Runner,54,77,231,65,18.6,216,Semi-Plan.
552,Dagger,Mamba 7.5 Creeker,2005,2011,Creek Boat,54,77,231,64,16.8,216,Semi-Plan.
553,Dagger,Mamba 7.6,2012,Current,River Runner,54,77,231,65,18.6,216,Semi-Plan.
554,Dagger,Mamba 7.6 Creeker,2012,Current,Creek Boat,54,77,231,65,19.5,242,Semi-Plan.
555,Dagger,Mamba 8.0,2010,2011,River Runner,68,98,244,66,20.0,235,
556,Dagger,Mamba 8.0 Creeker,2005,2011,Creek Boat,68,98,244,66,20.4,235,
557,Dagger,Mamba 8.1,2012,Current,River Runner,68,100,246,68,20.0,235,Semi-Plan.
558,Dagger,Mamba 8.1 Creeker,2012,Current,Creek Boat,68,100,246,68,20.0,291,Semi-Plan.
559,Dagger,Mamba 8.5,2010,2011,River Runner,79,118,257,70,20.9,273,
560,Dagger,Mamba 8.5 Creeker,2005,2011,Creek Boat,79,118,257,69,21.8,273,
561,Dagger,Mamba 8.6,2012,Current,River Runner,79,118,259,70,22.7,337,Semi-Plan.
562,Dagger,Mamba 8.6 Creeker,2012,Current,Creek Boat,79,118,259,70,23.1,337,Semi-Plan.
563,Savage,Maniac,1998,,Play Boat,34,68,236,62,17.2,193,Planing
564,Lettman,Manta,2018,Current,Creek Boat,73,100,272,65,21.5,322,
565,Waka Kayaks,Manu,Coming,Soon,Creek Boat,65,120,274,70,22.7,379,
566,Pyranha,Master,1988,,River Runner,,,356,61,,250,Disp.
567,Pyranha,Master 2,1997,,Training/Club Boat,29,65,340,61,18.0,250,Disp.
568,Pyranha,Master TG Lite,1999,Current,Training/Club Boat,30,75,244,61,13.0,189,Disp.
569,Pyranha,Master TG(Third Gen),2001,Current,Training/Club Boat,45,100,267,64,14.5,223,Disp.
570,Hydra,Matador,,,,,,,,,,
571,Dagger,Medieval,1999,2000,Play Boat,64,100,241,65,18.1,216,Planing
572,Jackson Kayaks,Mega-Rocker,2006,,Creek Boat,73,136,259,69,22.2,352,Disp.
573,Rainbow,Mephisto,,,River Runner,48,94,218,64,15.9,195,
574,Zelezny,Merlin,,,,,,,,,,
575,Perception,Method,2000,2002,Play River Runner,41,68,224,62,15.9,144,Planing
576,Perception,Method Air,2000,2002,Play River Runner,64,77,241,63,17.7,167,Planing
577,Pyranha,Micro 230,1996,,Creek Boat,59,75,236,61,17.5,216,Disp.
578,Pyranha,Micro 240,1996,,Creek Boat,68,104,246,61,17.7,250,Disp.
579,Pyranha,Micro 250,1997,,Creek Boat,79,125,251,66,20.4,290,Disp.
580,Wavesport,Micro X,1994,Unk,Creek Boat,,,302,58,16.8,242,Disp.
581,Soul Waterman,Mini Me,,,Play Boat,16,36,142,46,9.1,79,Planing
582,Soul Waterman,Mini Monkey,2020,,Kids River Runner,18,36,160,51,8.4,98,
583,Bliss-Stick,Mini Mystic,2008,2015,Creek Boat,50,84,229,62,18.6,242,Planing
584,Perception,Mirage,1978,1994,River Runner,54,104,396,61,17.7,299,Planing
585,Necky,Mission,2004,,River Runner,59,100,218,65,15.4,216,Planing
586,Jackson Kayaks,Mix Master 7,2018,,Play Boat,45,82,208,62,14.1,167,Planing
587,Jackson Kayaks,Mix Master 7.5,2018,,Play Boat,68,109,224,66,15.9,197,Planing
588,Wavesport,Mobius 49,2014,Current,Play Boat,45,73,168,64,13.6,185,Planing
589,Wavesport,Mobius 57,2014,Current,Play Boat,64,91,175,66,14.5,223,Planing
590,Wavesport,Mobius 65,2014,Current,Play Boat,79,113,183,68,15.4,246,Planing
591,Massive,Mojo,2001,,Play River Runner,63,100,221,64,15.4,254,Planing
592,Pyranha,Molan L,2010,,Play Boat,79,118,188,67,15.0,240,Planing
593,Pyranha,Molan M,2010,,Play Boat,52,90,185,65,12.3,200,Planing
594,Pyranha,Molan S,2010,,Play Boat,39,80,173,62,13.0,175,Planing
595,Jackson Kayaks,Mon-Star,2009,2014,Play Boat,95,136,193,72,16.8,276,Planing
596,Jackson Kayaks,Mon-Star,2015,,Play Boat,95,136,196,72,16.8,276,Planing
597,New Wave,Mongoose,1992,,Creek Boat,64,104,302,62,18.1,238,Disp.
598,RTM,Monster,2005,,Creek Boat,70,115,262,63,20.0,315,
599,Robson,Moonster 2005,2005,,Creek Boat,70,115,262,63,20.9,315,
600,Robson,Moonster Basic,2002,2004,Creek Boat,70,110,264,63,20.9,254,
601,Lettman,Moskito,2009,,River Runner,,115,318,61,19.0,227,
602,Pyranha,Mountain 300,,,River Runner,,,305,,,,Disp.
603,Pyranha,Mountain Bat,1986,,,,,,,,,Disp.
604,Perception,Mr Clean,1999,2000,Play Boat,54,91,236,64,17.2,204,Planing
605,Liquid Logic,Mullet,2016,2021,Play River Runner,68,125,274,67,20.4,269,Disp.
606,RTM,Multi-Pass,2005,,River Runner,,,211,61,12.7,233,
607,Prijon,Munga,,,Crossover,60,110,295,67,24.0,310,
608,Hydra,Mustang /Matador,1982,,Play Boat,,,366,,,,Disp.
609,Wavesport,Mutant,2002,2004,Creek Boat,36,82,246,64,20.0,231,Semi Planing
610,Bliss-Stick,Mystic,2006,2015,Creek Boat,,,244,66,21.3,276,Planing
611,Eskimo,Nano,2001,2005,Play Boat,,,229,62,14.0,180,Planing
612,Eskimo,Nano,2006,2010,Play Boat,,,259,62,15.0,200,Planing
613,Pyranha,Nano L,2012,2016,River Runner,79,109,224,67,20.9,303,Semi-Plan.
614,Pyranha,Nano M,2012,2016,River Runner,54,79,218,66,19.5,250,Semi-Plan.
615,Fluid Kayaks,Nemesis L,2008,Current,Play Boat,82,113,196,67,15.9,220,Planing
616,Fluid Kayaks,Nemesis M,2007,Current,Play Boat,64,95,185,64,15.0,193,Planing
617,Fluid Kayaks,Nemesis S,2008,Current,Play Boat,41,70,180,60,13.2,167,Planing
618,Rainbow,Ninja,2004,,Play Boat,48,88,188,67,15.0,195,Planing
619,Zet,Ninja,New,Current,Play Creeker,75,109,269,68,21.0,322,
620,RTM,Nino,1994,,River Runner,,55,274,53,14.1,145,
621,Jackson Kayaks,Nirvana LG,2016,Current,Creek Boat,82,118,284,71,23.1,367,Disp.
622,Jackson Kayaks,Nirvana Md,2017,Current,Creek Boat,64,109,272,67,20.2,326,Disp.
623,Riot Kayaks,Nitro 58,2004,,Play River Runner,68,105,206,66,15.9,220,Planing
624,Dagger,Nomad 8.1,2004,2015,Creek Boat,50,86,244,64,19.1,257,Semi-Plan.
625,Dagger,Nomad 8.5,2004,2015,Creek Boat,73,109,257,67,20.4,295,Semi-Plan.
626,Dagger,Nomad L,2016,Current,Creek Boat,77,120,272,70,23.4,363,Semi-Plan.
627,Dagger,Nomad M,2016,Current,Creek Boat,61,95,259,67,12.9,326,Semi-Plan.
628,Dagger,Nomad S,2016,Current,Creek Boat,41,77,249,65,19.7,276,Semi-Plan.
629,Dagger,Nova,2022,Current,Playboat,,82,224,64,16.1,,
630,Robson,NRG,2003,,Play Boat,55,85,185,66,15.0,182,Planing
631,Robson,NRG XL,2004,,Play Boat,70,100,185,66,15.0,182,Planing
632,Soul Waterman,Nugget,2024,,Kids Sit on Top,15,36,170,53,,87,
633,Titan Kayaks,Nymph,,Current,Play River Runner,59,105,272,65,22.0,250,
634,Waka Kayaks,OG,2018,Current,River Runner,64,113,262,68,22.5,360,
635,Lettman,Olymp XRS 55,2025,,,40,70,,,18.0,208,
636,Lettman,Olymp XRS 75,,,,60,90,272,64,18.0,225,
637,Riot Kayaks,Orbit 47,2004,,Play Boat,41,77,188,64,15.0,178,Planing
638,Necky,Orbit Fish,2004,,Play Boat,65,90,198,61,15.4,193,Planing
639,Gelpo Kayaks,Orca,2008,,River Runner,70,120,221,68,16.8,280,
640,RotoAttivo,Orgasmo,2012,Current,River Runner,70,95,254,66,20.9,314,
641,ZeroAttivo (Now RotoA),Orgasmo,2012,,River Runner,70,95,254,66,20.9,314,
642,RotoAttivo,Orgasmo XXX,2012,Current,River Runner,70,95,254,66,20.9,314,
643,ZeroAttivo (Now RotoA),Orgasmo XXX,2012,,River Runner,70,95,254,66,20.9,314,
644,Dagger,Outburst,1996,1999,River Runner,54,102,330,61,18.1,273,Disp.
645,Dagger,Outlaw,2000,2002,Play River Runner,66,100,229,62,16.3,220,Planing
646,Perception,Overflow,1997,1998,Creek Boat,45,91,305,61,20.9,291,Disp.
647,Perception,Overflow X,1996,2000,Creek Boat,77,113,307,65,21.8,303,Disp.
648,Pyranha,Ozone Lg,2020,Current,Play Boat,80,120,234,66,16.8,227,Planing
649,Pyranha,Ozone Md,2020,Current,Play Boat,60,90,226,64,15.0,204,Planing
650,Pyranha,Ozone Sm,2020,Current,Play Boat,35,70,221,62,15.0,170,Planing
651,RTM,Paname,2023,,River Runner / Race,70,85,274,63,,237,
652,RTM,Paname S,2023,,River Runner / Race,55,70,274,60,,209,
653,Soul Waterman,Particle Accelerator,2023,Current,River Runner,54,95,274,64,,223,
654,Liquid Logic,Party Braaap,2017,2021,Play River Runner,45,100,272,62,20.0,254,Semi-Plan.
655,Prijon,Party Pike,2023,,Play River Runner,60,85,272,61,17.9,230,
656,Exo Kayak,Party Rexy,,Current,Play River Runner,50,85,262,65,18.0,238,
657,Dagger,Pegasus,1995,,SOT River Runner,41,100,320,74,22.2,,
658,Prijon,Performance,2002,,,,,,,,,
659,Dagger,Phantom,2018,Current,Creek Boat,66,116,272,68,22.5,337,Planing
660,Perception,Phat,1999,2002,Creek Boat,50,95,259,64,18.1,159,Disp.
661,Wavesport,Phoenix,2019,Current,Creek Boat,70,120,274,68,22.7,348,Displacement
662,Northwest Kayaks,Photon,,,River Runner,,,,,,,Disp.
663,Dagger,Piedra,1998,2001,River Runner,39,82,290,58,17.7,227,Disp.
664,Prijon,Pike,2021,,Play River Runner,60,90,272,61,17.9,250,Planing
665,Exo Kayak,Pin up,2007,,Play Boat,,95,185,65,15.0,200,Planing
666,Lettman,Pinball,1997,,Play Boat,40,95,208,62,19.0,163,Planing
667,DragoRossi,Pintail,2006,Current,River Runner,70,125,218,65,17.0,220,Planing
668,DragoRossi,Pintail XL,2007,Current,River Runner,70,125,218,64,,,Planing
669,Perception,Pirouette,1993,1999,Play Boat,68,113,340,61,20.0,261,Disp.
670,Perception,Pirouette S,1993,1999,Play Boat,45,91,335,58,18.6,235,Disp.
671,Perception,Pirouette Super Sport,1996,1998,Play Boat,36,82,302,58,18.1,227,Disp.
672,Lettman,Plan B Lg,,Current,Play River Runner,,,234,65,16.8,212,
673,Lettman,Plan B Md,,Current,Play River Runner,,,229,64,15.9,193,
674,Liquid Logic,Pocket Rocket,2003,,Play Boat,45,68,178,60,12.7,170,Planing
675,Exo Kayak,Polo,1999,,Polo,,,300,58,15.0,,
676,Liquid Logic,Pop,2002,,Play Boat,73,100,198,62,14.5,189,Planing
677,Liquid Logic,Powerslide,2024,Current,Half Slice Long boat,54,109,305,64,20.4,284,Planing
678,Riot Kayaks,Prankster,2000,,Play River Runner,77,109,241,62,16.3,201,Planing
679,Pyranha,Pro Zone 225,2000,,Play Boat,50,75,224,64,16.3,176,Planing
680,Pyranha,Pro Zone 230,2000,,Play Boat,,,229,64,17.2,185,Planing
681,Pyranha,Pro Zone 235,2000,,Play Boat,,,236,64,17.7,195,Planing
682,Wavesport,Project 45,2006,2010,Play Boat,36,64,180,62,13.6,170,Planing
683,Wavesport,Project 52,2006,2010,Play Boat,59,86,185,64,14.1,197,Planing
684,Wavesport,Project 62,2006,2010,Play Boat,82,109,193,65,14.5,235,Planing
685,Wavesport,Project X 48,2011,2013,Play Boat,45,77,175,64,14.1,182,Planing
686,Wavesport,Project X 48,2017,Current,Play Boat,45,77,175,64,14.1,182,Planing
687,Wavesport,Project X 56,2011,2013,Play Boat,64,95,180,65,14.5,212,Planing
688,Wavesport,Project X 56,2017,Current,Play Boat,64,95,180,65,14.5,212,Planing
689,Wavesport,Project X 64,2011,2013,Play Boat,82,113,185,68,15.4,242,Planing
690,Wavesport,Project X 64,2017,Current,Play Boat,82,113,185,68,15.0,242,Planing
691,Waka Kayaks,Puffy Steeze,,Current,River Runner,,,,,,,
692,Vagabond Kayaks,Pungwe,,Current,Creek Boat,50,86,251,65,18.1,,
693,Jackson Kayaks,Punk Rocker,2007,,Kids River Runner,36,75,234,62,17.2,259,Disp.
694,Prijon,Pure,,2010,Creek Boat,,,,,,,Disp.
695,Prijon,Pure M,2011,2016,Creek Boat,60,85,259,67,20.5,299,Disp.
696,Prijon,Pure S,2011,2016,Creek Boat,50,75,246,66,17.5,276,Disp.
697,Prijon,Pure XL,2011,2016,Creek Boat,85,,269,69,21.5,329,Disp.
698,Gelpo Kayaks,Python,2008,,River Runner,60,100,241,66,16.8,270,
699,Eskimo,Quadro,2000,,Play Boat,,,241,62,14.1,201,
700,Infinity Kayaks,Quantum,1992,,,,,,,,,Disp.
701,New Wave,Quantum,1992,,River Runner,64,109,351,60,17.2,291,Disp.
702,Robson,Quark,2006,,Play Boat,,,185,63,14.5,170,Planing
703,Spade Kayaks,Queen of Hearts,,Current,Play River Runner,35,70,251,60,20.0,242,
704,Perception,Quest,1976,,River Runner,,,396,,,,Disp.
705,Soul Waterman,Quiver Killer,2024,Current,Play River Runner,45,102,244,67,,250,
706,Pyranha,R One L,2025,,Half Slice,75,125,272,64,20.9,273,Planing
707,Pyranha,R One M,2025,,Half Slice,65,90,272,62,20.0,235,Planing
708,Pyranha,R One S,2025,,Half Slice,40,75,272,58,20.0,216,Planing
709,Bliss-Stick,RAD 175,2004,2015,Play Boat,,,178,65,15.4,168,Planing
710,Bliss-Stick,RAD 185,2004,2015,Play Boat,,,188,66,15.4,193,Planing
711,Bliss-Stick,RAD 195,2006,2015,Play Boat,,,201,69,15.9,210,Planing
712,Lettman,Rage River,2009,,Play River Runner,,105,239,66,16.8,197,
713,Lettman,Rapid fire,2009,,Play River Runner,,110,300,61,18.0,212,
714,Zet,Raptor,2009,Current,River Runner,54,100,244,69,19.1,303,Disp.
715,Rainbow,Rave,,,Play Boat,,,190,67,15.9,216,Planing
716,Pyranha,Razor,1997,,Play Boat,,,264,61,16.8,183,Planing
717,DragoRossi,Reaction,2009,,Creek Boat,55,110,320,61,,,
718,Rainbow,Reaction,,,Long Boat,,,318,61,20.0,269,
719,Pyranha,ReactR Large,2024,,Creek Boat,84,125,274,71,24.0,348,Planing
720,Pyranha,ReactR Medium,2024,,Creek Boat,70,95,272,70,23.1,326,Planing
721,Pyranha,ReactR Small,2024,,Creek Boat,54,75,269,69,21.8,307,Planing
722,Pyranha,Rebel,2009,Current,Kids River Runner,25,50,218,56,12.3,155,Planing
723,Pyranha,ReCoil L,2006,,Play River Runner,75,104,218,65,16.3,231,Planing
724,Pyranha,ReCoil M,2006,,Play River Runner,64,84,206,65,13.6,185,Planing
725,Pyranha,ReCoil S,2006,,Play River Runner,40,70,198,61,14.1,172,Planing
726,Wavesport,Recon 70,2013,Current,Creek Boat,36,68,236,65,22.2,265,Semi Disp
727,Wavesport,Recon 83,2013,Current,Creek Boat,64,91,251,67,22.7,314,Semi Disp
728,Wavesport,Recon 93,2013,Current,Creek Boat,82,125,264,69,24.5,352,Semi Disp
729,Robson,Red Fred Twintip,2002,,Play Boat,45,120,198,66,14.5,189,Planing
730,Dagger,Redline,1999,2001,River Runner,64,104,259,64,19.5,242,Planing
731,Perception,Reflex,1989,1994,Race Boat,52,84,358,61,,204,Disp.
732,Perception,Reflex II,1995,1995,Race Boat,45,91,358,61,15.9,204,Disp.
733,Prijon,Release,2003,,Play Boat,,,198,66,15.0,185,Planing
734,Prijon,Release 2004,2004,,Play Boat,,,198,66,15.0,185,Planing
735,Liquid Logic,Remix 100,2007,2008,Race Boat,,,358,,,,Semi Displ
736,Liquid Logic,Remix 47-Kids,2007,Current,Kids River Runner,18,50,221,53,12.7,178,Semi Displ
737,Liquid Logic,Remix 59,2007,2022,River Runner,50,91,257,64,19.1,223,Semi Displ
738,Liquid Logic,Remix 69,2007,2022,River Runner,64,109,264,65,20.0,261,Semi Displ
739,Liquid Logic,Remix 79,2007,2022,River Runner,82,127,272,67,20.9,299,Semi Displ
740,Liquid Logic,Remix Stinger,2008,2011,Race Boat,,,378,,,,Semi Displ
741,Liquid Logic,Remix XP 10,2008,Current,Crossover,82,136,312,71,22.2,397,Semi Displ
742,Liquid Logic,Remix XP 9,2009,Current,Crossover,45,100,279,66,20.9,276,Semi Displ
743,Dagger,Response,1990,1996,River Runner,54,98,343,59,17.7,276,Disp.
744,Pyranha,Rev L,2008,,Play Boat,75,115,196,66,15.0,230,Planing
745,Pyranha,Rev M,2007,,Play Boat,50,90,188,61,14.2,201,Planing
746,Pyranha,Rev M Long,2008,,Play Boat,65,95,193,62,14.5,215,Planing
747,Pyranha,Rev S,2008,,Play Boat,40,65,185,60,13.6,175,Planing
748,Dagger,Rewind Lg,2020,Current,Play River Runner,82,118,284,69,22.5,288,Planing
749,Dagger,Rewind Md,2020,Current,Play River Runner,64,100,267,65,19.5,254,Planing
750,Dagger,Rewind Sm,2020,Current,Play River Runner,45,73,254,62,18.1,208,Planing
751,Dagger,Rewind xs,2020,Current,Play River Runner,29,54,206,57,10.9,148,Planing
752,Exo Kayak,Rexy,,Current,Play River Runner,60,95,262,65,18.0,257,
753,Euro Kayaks,Ricochet,1999,,River Runner,,,282,60,,235,
754,Soul Waterman,Ride,2020,,Kids Play River runner,32,54,178,58,11.8,136,
755,RTM,Rio,2006,,Creek Boat,60,110,240,63,18.1,270,
756,Necky,Rip,1995,,Play Boat,60,100,279,60,18.1,231,Planing
757,Pyranha,Rip R Evo 2 F 65,2022,,Extreme Slalom,,65,272,61,18.1,215,Planing
758,Pyranha,Rip R Evo 2 F 75,2022,,Extreme Slalom,,75,272,63,18.1,235,Planing
759,Pyranha,Rip R Evo 2 F 85,2023,,Extreme Slalom,,85,272,65,18.1,254,Planing
760,Pyranha,Rip R Evo 75,2022,,Play River Runner,,,269,,18.1,189,Planing
761,Pyranha,Ripper 2 L,2022,,Half Slice,79,125,277,66,20.9,269,Planing
762,Pyranha,Ripper 2 Large,2022,Current,Play River Runner,79,125,277,66,20.9,269,Planing
763,Pyranha,Ripper 2 M,2022,,Half Slice,66,95,272,65,20.0,235,Planing
764,Pyranha,Ripper 2 Medium,2022,Current,Play River Runner,66,95,272,65,20.0,235,Planing
765,Pyranha,Ripper 2 S,2022,,Half Slice,40,75,264,62,19.1,208,Planing
766,Pyranha,Ripper 2 Small,2022,Current,Play River Runner,40,75,264,62,19.1,208,Planing
767,Pyranha,Ripper L,2017,2023,Half Slice,75,125,274,64,20.9,273,Planing
768,Pyranha,Ripper M,2017,2023,Half Slice,65,90,274,62,20.0,235,Planing
769,Pyranha,Ripper S,2017,2023,Half Slice,40,75,272,58,20.0,216,Planing
770,Titan Kayaks,Rival,,Current,Creek Boat,59,109,269,67,22.0,322,
771,Hollowform,River Chaser,1973,,,,,396,,,,it all!
772,Rotoplast,River Racer,1995,,Slalom,,105,371,62,16.8,,
773,Prijon,Rizz PR-X,2025,,Creek Boat,,,267,68,20.0,,
774,Liquid Logic,RMX 76,2023,Current,River Runner,36,82,274,65,19.1,288,
775,Liquid Logic,RMX 86,2022,Current,River Runner,54,100,284,67,23.1,326,Planing
776,Liquid Logic,RMX 96,2022,Current,River Runner,73,118,290,69,24.0,363,Planing
777,Robson,Roadster,2006,,Play River Runner,,,239,63,20.4,235,
778,Jackson Kayaks,Rock Star XS,2016,2017,Kids Play Boat,36,54,157,60,10.4,157,Planing
779,Jackson Kayaks,Rocker,2005,,Creek Boat,57,91,246,65,19.5,303,Disp.
780,Prijon,Rockit,,,,,,,,,,
781,Jackson Kayaks,RockStar 4.0 L,2018,2021,Play Boat,82,113,185,69,15.4,263,Planing
782,Jackson Kayaks,RockStar 4.0 M,2018,2021,Play Boat,64,91,178,66,13.2,232,Planing
783,Jackson Kayaks,RockStar 4.0 S,2018,2021,Play Boat,41,68,170,63,12.2,203,Planing
784,Jackson Kayaks,RockStar Competition L,2011,,Play Boat,68,113,180,71,13.6,246,Planing
785,Jackson Kayaks,RockStar Competition M,2014,,Play Boat,57,91,175,67,12.2,216,Planing
786,Jackson Kayaks,RockStar Competition S,2014,,Play Boat,45,82,160,64,11.3,182,Planing
787,Jackson Kayaks,RockStar L,2011,2013,Play Boat,73,109,178,71,15.0,246,Planing
788,Jackson Kayaks,RockStar L,2016,2017,Play Boat,77,118,180,71,15.0,246,Planing
789,Jackson Kayaks,RockStar L,2014,2015,Play Boat,77,86,180,71,15.0,246,Planing
790,Jackson Kayaks,RockStar M,2011,2013,Play Boat,64,91,173,69,13.5,218,Planing
791,Jackson Kayaks,RockStar M,2014,2015,Play Boat,68,77,175,67,13.4,216,Planing
792,Jackson Kayaks,RockStar M,2016,2017,Play Boat,73,95,173,69,13.2,208,Planing
793,Jackson Kayaks,RockStar S,2011,2013,Play Boat,36,70,163,64,12.6,184,Planing
794,Jackson Kayaks,RockStar S,2014,2015,Play Boat,52,61,163,64,12.2,182,Planing
795,Jackson Kayaks,RockStar S,2016,2017,Play Boat,61,82,165,64,11.8,182,Planing
796,Jackson Kayaks,RockStar V Large,2021,Current,Play Boat,82,109,180,70,15.4,261,Planing
797,Jackson Kayaks,RockStar V Medium,2021,Current,Play Boat,64,91,173,67,13.2,223,Planing
798,Jackson Kayaks,RockStar V Small,2021,Current,Play Boat,45,73,163,63,12.0,189,Planing
799,Lettman,Rocky L,,Current,Creek Boat,,130,272,65,20.9,314,
800,Lettman,Rocky M,,Current,Creek Boat,,110,259,64,20.0,273,
801,Lettman,Rocky XL,,Current,Creek Boat,,150,282,67,20.9,352,
802,Jackson Kayaks,Rogue 10,2011,2015,Crossover,73,129,307,71,21.8,,
803,Jackson Kayaks,Rogue 9,2011,2015,Crossover,54,95,284,66,20.4,,
804,Liquid Logic,Ronin 49,2006,2009,Play Boat,73,95,188,66,15.4,223,Planing
805,Liquid Logic,Ronin 59,2006,2009,Play Boat,73,95,188,66,15.4,223,Planing
806,Pyranha,Rotobat,1983,,,,,290,58,,210,
807,Spade Kayaks,Royal Flush,,Current,River Runner,70,120,272,68,22.7,333,
808,Dagger,RPM,1996,2004,River Runner,50,104,272,61,17.7,227,Disp.
809,Dagger,RPM,2018,2019,River Runner,50,100,272,61,17.5,227,Disp.
810,Dagger,RPM (Action),2020,2021,River Runner,50,100,272,61,18.1,227,Disp.
811,Dagger,RPM 9.0,2005,2009,River Runner,50,104,272,61,17.7,227,Disp.
812,Dagger,RPM Max,1999,2004,River Runner,82,120,279,65,18.6,284,Disp.
813,Dagger,RPM Max,2018,2019,River Runner,82,113,279,65,18.6,284,Disp.
814,Dagger,RPM Max (Action),2020,2021,River Runner,80,115,279,65,20.0,284,Disp.
815,Dagger,RPM Max 9.1,2005,2006,River Runner,82,127,279,65,18.6,284,Disp.
816,Dagger,RX 6.7,2006,2009,Play River Runner,54,88,201,65,15.0,197,Planing
817,Dagger,RX 6.9,2006,2009,Play River Runner,68,102,203,67,15.9,220,Planing
818,Bliss-Stick,S.C.U.D.,2006,2015,Creek Boat,,,203,66,16.3,250,Planing
819,Pyranha,S6-190,2002,,Play Boat,39,75,188,66,14.2,167,Planing
820,Pyranha,S6-200,2002,,Play Boat,68,100,198,69,14.7,200,Planing
821,Pyranha,S6f 191,2003,,Play Boat,39,70,185,61,14.5,160,Planing
822,Pyranha,S6f 192,2003,,Play Boat,59,88,193,64,15.0,190,Planing
823,Pyranha,S6f 193,2003,,Play Boat,79,118,201,66,15.9,216,Planing
824,Pyranha,S6X 185,2003,,Play Boat,40,70,185,61,14.5,160,Planing
825,Pyranha,S6X 195,2003,,Play Boat,60,90,193,64,15.0,190,Planing
826,Pyranha,S6X 205,2003,,Play Boat,80,120,201,66,16.0,216,Planing
827,Pyranha,S7 / 1,2001,,Play Boat,60,85,208,62,14.5,149,Planing
828,Pyranha,S7 / 2,2001,,Play Boat,65,100,208,64,15.4,186,Planing
829,Pyranha,S8 225,2002,,Play River Runner,60,90,229,64,16.3,180,Planing
830,Pyranha,S8 235,2002,,Play River Runner,70,120,236,66,17.5,230,Planing
831,Perception,Sabre,1985,1995,Plastic Squirt Boat,45,91,371,61,15.4,193,Disp.
832,Eskimo,Salto,2001,,Creek Boat,,,246,64,18.0,250,
833,Eskimo,Salto 2005,2005,,Creek Boat,,,246,64,18.0,270,
834,Eskimo,Salto Evolution,2009,2010,Creek Boat,,,249,64,18.0,280,
835,Brudden Kayaks,Samba,2004,,Play Boat,50,85,213,55,15.0,152,Planing
836,Prijon,Samurai,2004,,Play Boat,,,257,64,16.8,227,Planing
837,Rainbow,Sayan,2003,,Play Boat,,,213,62,15.9,190,Planing
838,DAG Kayaks,Scandal,2010,,Play River Runner,,95,236,64,16.8,196,
839,Robson,Scarab,2003,,Play Boat,45,110,206,65,16.8,210,Planing
840,Liquid Logic,Scooter,2004,2005,Play Boat,45,73,180,62,13.2,189,Planing
841,Pyranha,Scorch L,2021,,Creek Boat,79,116,277,65,24.5,341,Planing
842,Pyranha,Scorch M,2021,,Creek Boat,66,91,269,64,22.7,310,Planing
843,Pyranha,Scorch S,2021,,Creek Boat,40,75,259,62,20.9,265,Planing
844,Pyranha,Scorch X,2021,,Creek Boat,70,113,305,65,24.5,360,Planing
845,Wavesport,Score,2001,2002,Play Boat,73,113,251,64,18.8,212,Planing
846,Rotoplast,Scorpion,1998,,River Runner,,110,310,54,15.0,,Planing
847,Savage,Scorpion,1994,,Play Boat,,,305,61,16.3,223,Planing
848,Prijon,Semi,2012,2012,,60,85,246,64,20.0,238,
849,Liquid Logic,Session,2000,2003,Play Boat,50,80,224,60,14.5,155,Planing
850,Liquid Logic,Session +,2000,2003,Play Boat,,,239,62,15.4,193,Planing
851,Pyranha,Seven-0 M/L,2005,,Play Boat,45,84,201,64,12.9,174,Planing
852,Pyranha,Seven-0 S/M,2005,,Play Boat,59,120,206,66,13.4,193,Planing
853,Spade Kayaks,Shakti,2026,,River Runner,50,90,269,68,20.0,299,
854,DAG Kayaks,Shark,2010,,River Runner,,95,269,60,16.8,180,
855,Pyranha,Shiva L,2012,2016,Creek Boat,79,127,264,69,24.9,348,Displacement
856,Pyranha,Shiva M,2012,2016,Creek Boat,59,111,259,67,24.0,303,Displacement
857,Pyranha,Shiva S,2012,2016,Creek Boat,45,80,254,66,23.0,280,Displacement
858,Perception,Shock,2000,2002,Play Boat,41,77,234,61,15.4,159,Planing
859,Jackson Kayaks,Shooting Star,2007,,Play Boat,14,45,157,53,8.6,117,Planing
860,Jackson Kayaks,Shooting Star,2016,,Kids Play Boat,14,45,157,48,8.2,117,Planing
861,Riot Kayaks,Showbiz,1998,,River Runner,45,108,234,63,19.1,240,
862,Dagger,Showdown,2000,2002,Play River Runner,41,68,216,60,15.4,197,Planing
863,RPI,Sibia,2021,,Play River Runner,,80,269,61,17.0,,
864,Riot Kayaks,Sick,1999,,Creek Boat,45,90,226,57,19.1,250,
865,Jackson Kayaks,Side Kick,2008,,Kids River Runner,14,45,201,57,12.2,189,Planing
866,Jackson Kayaks,Side Kick,,Current,Kids River Runner,14,45,201,57,12.2,189,Planing
867,Wavesport,Siren,2002,2004,Play Boat,32,64,221,58,14.5,155,Planing
868,Exo Kayak,Six,2013,Current,Creek Boat,65,100,262,65,21.0,,Semi Displ
869,DAG Kayaks,Ska,2010,,Play Boat,50,95,229,62,15.0,180,Planing
870,Liquid Logic,Skip,2002,,Play Boat,45,73,193,60,13.2,148,Planing
871,Savage,Skreem,1998,,Creek Boat,57,118,272,64,17.7,291,
872,Waka Kayaks,Skuxx,2025,Current,Play River Runner,50,90,244,68,20.0,265,
873,Waka Kayaks,Skuxx Deluxe,2025,Current,Play River Runner,60,120,244,68,20.0,276,
874,Rainbow,SL 350,,,Slalom,,,351,60,,,
875,New Wave,Sleek,1994,,River Runner,50,82,287,61,16.3,182,Disp.
876,Spade Kayaks,Slick,2025,,Play River Runner,65,120,274,69,,299,
877,Bliss-Stick,Slick Stick,2003,2005,Play Boat,,,190,63,13.0,155,Planing
878,Soul Waterman,Slide,2020,,Play River Runner,45,77,221,61,15.4,182,
879,Bliss-Stick,Smoothy,2008,2015,Play Boat,,,185,,,197,Planing
880,Riot Kayaks,Sniper,2002,,Creek Boat,45,82,213,64,16.8,246,
881,Prijon,Soca,2008,,River Runner,65,95,249,63,17.5,261,
882,Prijon,Soca Club,2011,,River Runner,65,95,249,63,15.0,261,
883,Fluid Kayaks,Solo L,2004,Current,Play Boat,64,125,244,65,20.9,284,Planing
884,Fluid Kayaks,Solo L (Expedition),2004,Current,Play Boat,64,125,244,65,21.3,284,Planing
885,Fluid Kayaks,Solo M,2007,Current,Creek Boat,54,109,231,64,20.0,,
886,Fluid Kayaks,Solo S,2004,Current,Creek Boat,45,95,221,64,19.1,,
887,Perception,Sonic,1991,1992,River Runner,50,77,249,62,17.2,197,Planing
888,Perception,Sonic 8.1,2002,2005,River Runner,50,77,244,62,18.6,197,Planing
889,Perception,Sonic 8.5,2002,2005,River Runner,68,100,259,64,19.1,208,Planing
890,Liquid Logic,Space Cadet,2003,,Play Boat,68,86,183,64,13.6,208,Planing
891,Perception,Sparc,1998,2000,River Runner,36,77,279,61,17.7,182,Semi Planing.
892,Bliss-Stick,Specialist,2007,2015,Play Boat,,,175,66,15.4,178,Planing
893,Pyranha,Speeder,2007,Current,Race Boat,55,120,444,60,22.0,367,
894,Eskimo,Speedo,2004,,Race Boat,,,269,62,16.3,245,
895,Eskimo,Speedo 2005,2005,2010,Race Boat,,,274,61,17.0,250,
896,Fluid Kayaks,Spice L,2006,Current,River Runner,70,109,226,69,15.9,227,Planing
897,Fluid Kayaks,Spice M,2006,Current,River Runner,59,100,218,63,15.0,201,Planing
898,Fluid Kayaks,Spice S,2007,Current,River Runner,29,59,185,60,12.7,174,Planing
899,Spade Kayaks,Spicey Joker,2025,,Play River Runner,68,107,274,65,19.1,235,
900,Perception,Spin,2002,2002,Play Boat,36,68,208,61,14.5,170,Planing
901,Perception,Spirit,1978,1994,River Runner,68,102,391,61,17.7,310,Disp.
902,Robson,Sportster,2004,,Creek Boat,,,241,63,20.4,270,
903,Robson,Sportster XL,2006,,Creek Boat,,,246,62,20.9,315,
904,Zelezny,Spunt,2004,,Creek Boat,60,120,236,65,18.1,270,
905,DAG Kayaks,Spy 235 Super,,Current,Creek Boat,,75,234,65,19.1,261,
906,DAG Kayaks,Spy 260 Super,,Current,Creek Boat,,110,259,64,9.1,,
907,Noah Kayaks,SQ (Stratique),,,River Runner,45,110,307,61,18.0,250,Disp.
908,Noah Kayaks,SQ+,,,River Runner,70,130,307,61,20.0,280,Disp.
909,DAG Kayaks,Squal,1999,,River Runner,90,,229,61,15.9,170,Planing
910,DragoRossi,Squashtail,2004,Current,Surf/Play Boat,,,188,65,16.0,,Planing
911,Jackson Kayaks,Star,2007,2012,Play Boat,41,73,168,61,12.7,174,Planing
912,Jackson Kayaks,Star 13,2013,,Play Boat,45,73,173,65,13.6,193,Planing
913,Jackson Kayaks,Star Classic,2004,2006,Play Boat,41,64,173,61,11.1,167,Planing
914,Spade Kayaks,Starfire,,,Play River Runner,30,82,244,62,,204,
915,Quality Kayaks,Stealth,1999,,Play River Runner,35,90,259,61,15.9,210,
916,Waka Kayaks,Steeze w/ Pod,,Current,Play River Runner,66,113,274,61,23.6,299,
917,Waka Kayaks,Steeze w/o Pod,,Current,Play River Runner,66,113,274,61,20.9,352,
918,Perception,Stikine,2000,2002,River Runner,68,109,295,64,20.0,216,Disp.
919,DragoRossi,Stinger,2005,Current,River Running Playboat,,,185,65,16.0,,Planing
920,Liquid Logic,Stinger,2013,,Race Boat,54,136,378,62,24.9,379,Semi-Plan.
921,Liquid Logic,Stinger XP,2013,,Crossover,54,136,378,62,24.9,379,Semi-Plan.
922,Waka Kayaks,Stoke,2023,Current,Creek Boat,55,90,274,67,21.3,348,
923,Liquid Logic,Stomper 80,2011,,Creek Boat,50,95,249,66,20.9,303,Semi-Plan.
924,Liquid Logic,Stomper 90,2011,,Creek Boat,77,122,257,69,22.2,341,Semi-Plan.
925,Big Dog,Storm,2010,,River Runner,45,110,264,66,17.2,,
926,Winner Kayak,Storm,2011,,Play River Runner,,,254,62,20.0,,
927,Pyranha,Storm (Original Model),1998,,Play Boat,60,85,236,66,18.1,216,Planing
928,Pyranha,Storm Large,2026,,Half Slice,TBD,TBD,246,66,20.9,303,Planing
929,Pyranha,Storm Medium,2026,,Half Slice,59,95,236,66,19.5,269,Planing
930,Pyranha,Storm Small,Coming,Soon,Half Slice,,,,,,,Planing
931,Waka Kayaks,Stout,,Current,Creek Boat,45,84,257,67,21.3,310,
932,Pyranha,Stretch L/XL,2005,2008,River Runner,75,115,224,67,15.9,255,Planing
933,Pyranha,Stretch M/L,2005,2008,River Runner,65,95,221,65,15.1,218,Planing
934,Lettman,Strike,2009,Current,Polo,20,43,300,59,13.2,,
935,New Wave,Strobe,1997,,Play River Runner,45,86,264,64,17.2,216,Semi-planing
936,Wavesport,Stubby,1995,1999,Play Boat,36,100,226,63,16.8,197,Disp.
937,Pyranha,Stunt 300,1997,,Play River Runner,,,300,,,,Displacment
938,Pyranha,Stuntbat,1991,,Play Boat,,,,,,,Displacment
939,Pyranha,Sub 7,2020,Current,Play Boat,65,100,208,64,15.0,189,Planing
940,Pyranha,"Sub 7 (""One Ball"")",2001,,Play Boat,,,,,,,Planing
941,Pyranha,"Sub 7 (""Two Ball"")",2001,,Play Boat,,,,,,,Planing
942,EDU Kayaks,Super EDU,2000,,Play Boat,60,100,231,62,16.8,193,Planing
943,Dagger,Super Ego,2001,2002,Play Boat,64,100,229,62,16.8,193,Planing
944,Wavesport,Super EZ,2003,2006,Play Boat,73,127,213,69,17.7,235,Planing
945,Jackson Kayaks,Super Fun,2007,,Play River Runner,86,141,216,70,15.0,265,Planing
946,Jackson Kayaks,Super Fun,2011,2014,Play River Runner,95,120,216,70,15.0,265,Planing
947,Jackson Kayaks,Super Fun,2007,2010,Play River Runner,95,118,213,70,15.9,265,Planing
948,Jackson Kayaks,Super Fun Classic,2004,2007,Play River Runner,91,109,213,67,15.0,235,Planing
949,Jackson Kayaks,Super Hero,2011,2015,River Runner,70,132,236,69,20.0,341,Planing
950,Jackson Kayaks,Super Hero,2007,2010,River Runner,77,127,236,69,20.0,341,Planing
951,Jackson Kayaks,Super Hero Classic,2005,2007,River Runner,64,109,259,64,17.7,284,Planing
952,Dagger,Super Nova,2022,Current,Play Boat,,113,236,69,17.2,,Planing
953,Bliss-Stick,Super RAD 180,2005,2015,Play Boat,,,183,66,15.9,185,Planing
954,Soul Waterman,Super Sender,2024,Current,River Runner,45,86,244,64,,265,
955,Soul Waterman,Super SendR,2024,Current,Half Slice,45,86,244,64,,246,
956,Soul Waterman,Super Skip RR,2024,Current,River Runner,59,113,272,68,22.0,318,
957,Soul Waterman,Super Skipper,2024,Current,River Runner,64,113,274,69,22.0,348,
958,Perception,Super Sonic,2002,2005,River Runner,68,100,264,62,18.1,208,Disp.
959,Jackson Kayaks,Super Star,2007,2009,Play Boat,79,95,196,67,15.2,238,Planing
960,Jackson Kayaks,Super Star 10,2010,2012,Play Boat,73,104,188,69,14.1,242,Planing
961,Jackson Kayaks,Super Star 13,2013,,Play Boat,77,100,188,71,15.0,254,Planing
962,Jackson Kayaks,Super Star Classic,2004,2007,Play Boat,82,111,193,67,14.7,227,Planing
963,Robson,Supersonic,2003,,Kids Play Boat,60,,211,58,12.2,140,
964,Riot Kayaks,Superstar,1999,,Play River Runner,45,108,236,63,15.0,240,
965,Liquid Logic,Sweet Ride,2023,,Play River Runner,54,109,274,67,20.9,273,Planing
966,Hydra,Swift,,,,,,,,,,Disp.
967,Necky,Switch,2001,,Play Boat,50,85,229,62,17.2,185,Planing
968,Exo Kayak,T- Rex Lg,,Current,Creek Boat,70,100,269,66,21.0,344,Semi Displ
969,Exo Kayak,T- Rex Sm,,Current,Creek Boat,50,75,262,65,20.0,299,Semi Displ
970,Prijon,T-Canyon,1987,,,,,335,,,,Disp.
971,Prijon,T-Slalom,,,,61,85,371,60,,300,Disp.
972,Prijon,Taifun,1983,,,,,,,,,Disp.
973,Hydra,Taurus,1983,,,,,401,60,15.4,,Disp.
974,Riot Kayaks,Tekno,2002,,Play Boat,68,95,206,62,15.9,185,Planing
975,Soul Waterman,Terrible Two,2020,Current,Tandem,45,136,287,69,23.0,371,
976,Lettman,The Dude,2025,,Creek Boat,75,110,274,69,22.0,365,
977,Lettman,The Dude 75,,Current,Creek Boat,25,100,274,69,22.0,365,
978,Lettman,The Dude 95,,Current,Creek Boat,75,120,274,69,22.0,365,
979,Lettman,The Horny Potato / THP 85 Race,2023,Current,Creek Boat,,,274,67,,,
980,Lettman,The Horny Potato/ THP 65 Creek,2023,Current,Creek Boat,,,264,65,,,
981,Lettman,The Horny Potato/ THP 65 Creek,2023,Current,Creek Boat,,,264,65,,,
982,Lettman,The Horny Potato/ THP 85 Creek,2023,Current,Creek Boat,,,274,67,,,
983,DragoRossi,Thruster,2006,Current,Play Boat,77,109,193,66,18.6,,Planing
984,Riot Kayaks,Thunder 65,2006,,Creek Boat,,82,231,63,21.8,242,Disp.
985,Riot Kayaks,Thunder 76,2008,,Creek Boat,,104,239,67,22.7,288,Disp.
986,Lettman,Thunderbird,2009,,River Runner,,100,262,61,16.8,204,
987,Eskimo,Topo,2003,,Creek Boat,,,221,62,15.0,220,
988,Eskimo,Topo Duo,2005,,Tandem,,,368,64,30.0,503,
989,Eskimo,Topolino,,,Creek Boat,,,221,62,15.0,220,
990,Prijon,Tornado,1995,,Creek Boat,50,129,348,61,21.3,341,Disp.
991,Zet,Toro,2015,Current,Race Boat,70,95,267,68,21.0,322,
992,Liquid Logic,Torque,2025,Current,Play Boat,64,118,244,67,16.3,235,Planing
993,Perception,Torrent,1996,2003,SOT River Runner,45,113,300,76,24.0,,
994,Dagger,Torrent 10.0,2011,,SOT River Runner,0,113,307,77,21.8,,
995,Wavesport,Transformer 1,2003,2004,Play Boat,32,73,183,64,15.0,185,Planing
996,Wavesport,Transformer 2,2003,2004,Play Boat,45,91,188,64,15.4,208,Planing
997,Wavesport,Transformer 3,2003,2004,Play Boat,64,109,198,69,16.3,227,Planing
998,Wavesport,Transformer 4,2003,2004,Play Boat,73,118,206,70,17.2,254,Planing
999,Dagger,Transition,1994,1997,Play River Runner,45,91,307,62,17.2,235,Disp.
1000,Jackson Kayaks,Traverse 10,2016,,Crossover,82,122,315,69,23.6,386,Disp.
1001,Jackson Kayaks,Traverse 9,2016,,Crossover,59,109,295,65,21.8,326,Disp.
1002,Riot Kayaks,Trickster,2000,,Play Boat,36,77,241,62,15.9,182,Planing
1003,Liquid Logic,Trigger,2004,,River Runner,41,68,224,61,16.8,201,Planing
1004,Bliss-Stick,Tuna,2011,2015,Creek Boat,59,118,259,67,20.9,299,Disp.
1005,Waka Kayaks,Tuna 2.0,2013,Current,Creek Boat,60,100,257,68,20.9,341,
1006,Riot Kayaks,Turbo 47,2003,,Play River Runner,41,77,203,61,15.0,178,Planing
1007,Riot Kayaks,Turbo 52,2003,,Play River Runner,68,100,206,66,15.4,197,Planing
1008,Waka Kayaks,Tutea,,Current,Creek Boat,50,85,249,67,20.0,299,
1009,Robson,Twenty One,2010,,River Runner,55,91,259,69,20.0,,
1010,Robson,Twintip TT,2005,,Play Boat,,,196,66,15.0,190,Planing
1011,Robson,Twintip XS,2006,,Play Boat,,,180,63,15.0,150,Planing
1012,Brudden Kayaks,Twist,2004,,Play River Runner,60,100,208,68,14.1,212,
1013,Brudden Kayaks,Twist Reloaded,2006,,Play River Runner,60,115,190,68,15.9,175,
1014,Prijon,Twister,,,Whitewater SOT,,,,,,,
1015,Perception,Ultra Clean,2000,2001,Play Boat,77,109,244,66,19.1,208,Planing
1016,Dagger,Ultrafuge,2000,2001,Play Boat,41,68,231,62,16.3,189,Planing
1017,Vagabond Kayaks,Usutu,,Current,SOT River Runner,54,91,305,75,23.1,,
1018,Dagger,Vampire Bat,2000,,Polo,23,82,300,57,14.1,208,Disp.
1019,Dagger,Vanguard,2023,,Race Boat,54,127,373,64,27.4,394,
1020,Pyranha,Varun L,2011,,Play River Runner,85,110,218,66,16.2,227,Planing
1021,Pyranha,Varun M,2011,,Play River Runner,55,85,203,63,15.2,220,Planing
1022,Pyranha,Varun S,2011,,Play River Runner,45,75,198,61,14.9,182,Planing
1023,Rainbow,Vector,,,Creek Boat,,,277,61,18.1,238,
1024,Zet,Veloc,2011,Current,River Runner,45,84,244,65,18.1,280,Disp.
1025,Dagger,Vengeance,2000,2000,Play Boat,41,70,234,64,18.1,197,Planing
1026,Dagger,Vertigo,1998,1999,Play Boat,52,104,241,64,18.6,242,Planing
1027,RTM,Vertigo,2006,,Play Boat,50,90,196,66,14.1,190,Planing
1028,RotoAttivo,Verve,2012,Current,Crossover,50,100,310,66,23.1,369,
1029,ZeroAttivo (Now RotoA),Verve,2012,,Crossover,50,100,310,66,23.1,369,
1030,Necky,Vibe,2003,,Play Boat,66,86,188,62,14.5,185,Planing
1031,Jackson Kayaks,Villain,2010,,Creek Boat,70,104,264,69,19.1,350,Disp.
1032,Jackson Kayaks,Villain S,2010,,Creek Boat,45,82,249,65,21.8,301,Semi-Plan.
1033,Liquid Logic,Vision 44,2005,,Play Boat,,,,61,16.8,167,Planing
1034,Liquid Logic,Vision 56,2005,,Play Boat,,,,61,16.8,212,Planing
1035,Liquid Logic,Vision 56 Bigfoot,2006,,Play Boat,,,,61,16.8,,Planing
1036,Robson,Volkorn,,,Play Boat,,,,,,,
1037,Rainbow,Voodoo,,,Play Boat,50,80,234,63,15.9,174,Planing
1038,Dagger,Vortex,1994,1997,Play River Runner,59,102,323,61,18.1,280,Planing
1039,Vagabond Kayaks,Vubu,,Current,Creek Boat,68,104,272,68,,,
1040,Prijon,Waterdevil,2009,,Creek Boat,,,196,68,16.3,215,
1041,Perception,Wavehopper,1995,2000,Race Boat,45,95,401,60,18.1,340,Planing
1042,Wavesport,Wavehopper,2016,Current,Race Boat,40,90,399,61,18.1,,V-shaped
1043,RTM,Waza,2002,,Play Boat,45,90,226,60,14.1,174,Planing
1044,Perception,Whip it,1997,1999,Play Boat,36,91,272,62,18.1,212,Planing
1045,Perception,Whiplash,1997,1999,Play Boat,45,113,272,62,18.1,227,Planing
1046,Brudden Kayaks,Whitewater,2004,,Play River Runner,60,95,262,65,19.1,295,
1047,Zelezny,Wigo,2000,,Play Boat,50,95,226,65,14.1,195,Planing
1048,Necky,Witch,2002,,Play Boat,40,80,221,64,16.3,174,Planing
1049,Prijon,Wizard,2004,2008,River Runner,,41,235,63,17.0,231,61
1050,Pyranha,Wizard,Coming,Soon,Play Boat,,91,206,66,,235,
1051,Winner Kayak,WPK,2012,,Polo,,,300,53,13.2,,
1052,Wavesport,X,1997,2006,Play River Runner,45,100,244,64,17.2,212,Planing
1053,TEKsport,Xcess 240,,,Play River Runner,,43,240,60,16.0,223,
1054,Eskimo,Xeno,2002,2005,Play River Runner,25,79,239,64,17.0,235,
1055,Eskimo,Xeno 2006,2006,2010,Play River Runner,25,79,239,61,15.0,231,Planing
1056,Exo Kayak,XG,2013,Current,Play Boat,50,85,180,67,14.0,,Planing
1057,TEKsport,Xile 260,,,Creek Boat,,130,259,68,20.0,,
1058,Exo Kayak,XT 260,2012,Current,River Runner,50,85,246,62,19.0,,Planing
1059,Exo Kayak,XT 300,2012,Current,River Runner,65,100,257,65,20.0,,Planing
1060,Exo Kayak,XT Creek,,Current,Creek Boat,65,100,257,65,20.0,,Planing
1061,Wavesport,XXX,1999,2001,Play Boat,36,77,239,62,15.0,167,Planing
1062,Wavesport,Y,1998,2006,Creek Boat,64,127,249,64,19.5,276,Disp.
1063,Titan Kayaks,Yantra 7.9,,Current,River Runner,40,80,236,63,18.0,265,Planing
1064,Titan Kayaks,Yantra 8.5,,Current,River Runner,59,109,257,65,20.0,288,Planing
1065,Wavesport,Z,1999,2006,Play River Runner,64,118,264,66,18.6,238,Planing
1066,Pyranha,Z-one L,2009,Current,Play River Runner,75,115,262,68,17.9,261,Planing
1067,Pyranha,Z-one M,2009,Current,Play River Runner,65,95,254,65,17.1,212,Planing
1068,Pyranha,Z-one S,2009,Current,Play River Runner,45,85,246,64,16.1,182,Planing
1069,Jackson Kayaks,Zen 3.0 Lg,2020,Current,Creek Boat,91,127,272,71,22.7,390,Planing
1070,Jackson Kayaks,Zen 3.0 Md,2020,Current,Creek Boat,64,100,257,69,21.3,337,Planing
1071,Jackson Kayaks,Zen 3.0 Sm,2020,Current,Creek Boat,36,73,246,65,20.0,288,Planing
1072,Jackson Kayaks,Zen 55,2011,2014,River Runner,32,54,241,61,16.3,227,Planing
1073,Jackson Kayaks,Zen 65,2011,2014,River Runner,54,82,254,65,17.7,265,Planing
1074,Jackson Kayaks,Zen 75,2011,2014,River Runner,73,118,269,69,20.0,303,Planing
1075,Jackson Kayaks,Zen Large,2016,,River Runner,77,113,274,69,21.8,337,Semi-Plan.
1076,Jackson Kayaks,Zen Large,2015,2015,River Runner,86,113,274,69,21.8,314,Semi-Plan.
1077,Jackson Kayaks,Zen Medium,2015,2015,River Runner,59,82,259,66,19.5,276,Semi-Plan.
1078,Jackson Kayaks,Zen Medium,2016,,River Runner,59,82,269,66,19.5,295,Semi-Plan.
1079,Jackson Kayaks,Zen Small,2016,,River Runner,41,64,241,61,16.3,227,Semi-Plan.
1080,Jackson Kayaks,Zen Small,2015,2015,River Runner,61,68,246,62,17.7,257,Semi-Plan.
1081,Wavesport,ZG 48,2004,2008,Play Boat,45,82,193,62,14.1,295,Planing
1082,Wavesport,ZG 54,2004,2008,Play Boat,64,100,198,64,15.0,204,Planing
1083,Exo Kayak,Zion Creek Large,2023,,Creek Boat,75,100,271,66,21.0,,
1084,Exo Kayak,Zion Creek Small,2023,,Creek Boat,50,75,262,63,20.0,,
1085,Exo Kayak,Zion Slalom Large,2023,,Slalom,75,100,271,66,20.9,,
1086,Exo Kayak,Zion Slalom Small,2023,,Slalom,50,75,251,62,20.0,,
1087,Necky,Zip,2000,,Play Boat,70,110,239,67,18.1,201,Planing
1088,RTM,Zoom Super,1998,,Play Boat,55,85,259,63,19.1,189,Planing
1089,Rainbow,Zulu,,,Creek Boat,48,98,236,64,17.0,235,
1090,Eskimo,Zwo,1999,,Play Boat,,,236,65,14.1,180,Planing
